{
	"__comment": "Designed by Jehkoba with Cubik Studio - https://cubik.studio",
	"parent": "block/block",
	"textures": {
		"particle": "block/acacia_fence",
		"texture": "block/acacia_fence"
	},
	"elements": [ 	 
		{
			"__comment": "Left-hand post",
			"from": [ 0, 4, 7 ],
			"to": [ 2, 16, 9 ],
			"faces": {
				"down": { "uv": [ 8, 11, 10, 13 ], "texture": "#texture" },
				"up": { "uv": [ 6, 0, 8, 2 ], "texture": "#texture" },
				"north": { "uv": [ 6, 2, 8, 14 ], "texture": "#texture" },
				"south": { "uv": [ 6, 2, 8, 14 ], "texture": "#texture" },
				"west": { "uv": [ 6, 2, 8, 14 ], "texture": "#texture", "cullface": "west" },
				"east": { "uv": [ 6, 2, 8, 14 ], "texture": "#texture" }
			}
		},
		{
			"__comment": "Right-hand post",
			"from": [ 14, 4, 7 ],
			"to": [ 16, 16, 9 ],
			"faces": {
				"down": { "uv": [ 8, 11, 10, 13 ], "texture": "#texture" },
				"up": { "uv": [ 6, 0, 8, 2 ], "texture": "#texture" },
				"north": { "uv": [ 7, 2, 9, 14 ], "texture": "#texture" },
				"south": { "uv": [ 7, 2, 9, 14 ], "texture": "#texture" },
				"west": { "uv": [ 7, 2, 9, 14 ], "texture": "#texture" },
				"east": { "uv": [ 7, 2, 9, 14 ], "texture": "#texture", "cullface": "east" }
			}
		},
		{
			"__comment": "Inner vertical post of left-hand gate door",
			"from": [ 6, 5, 7 ],
			"to": [ 8, 15, 9 ],
			"faces": {
				"down": { "uv": [ 8, 14, 10, 16 ], "texture": "#texture" },
				"up": { "uv": [ 6, 2, 8, 4 ], "texture": "#texture" },
				"north": { "uv": [ 7, 2, 9, 11 ], "texture": "#texture" },
				"south": { "uv": [ 7, 2, 9, 11 ], "texture": "#texture" },
				"west": { "uv": [ 7, 2, 9, 11 ], "texture": "#texture" }
			}
		},
		{
			"__comment": "Inner vertical post of right-hand gate door",
			"from": [ 8, 5, 7 ],
			"to": [ 10, 15, 9 ],
			"faces": {
				"down": { "uv": [ 8, 14, 10, 16 ], "texture": "#texture" },
				"up": { "uv": [ 6, 2, 8, 4 ], "texture": "#texture" },
				"north": { "uv": [ 7, 2, 9, 11 ], "texture": "#texture" },
				"south": { "uv": [ 7, 2, 9, 11 ], "texture": "#texture" },
				"east": { "uv": [ 7, 2, 9, 11 ], "texture": "#texture" }
			}
		},
		{
			"__comment": "Lower horizontal bar of left-hand gate door",
			"from": [ 2, 5, 7.5 ],
			"to": [ 6, 9, 8.5 ],
			"faces": {
				"down": { "uv": [ 2, 15, 6, 16 ], "texture": "#texture" },
				"up": { "uv": [ 2, 12, 6, 13 ], "texture": "#texture" },
				"north": { "uv": [ 10, 12, 14, 16 ], "texture": "#texture" },
				"south": { "uv": [ 2, 12, 6, 16 ], "texture": "#texture" }
			}
		},
		{
			"__comment": "Upper horizontal bar of left-hand gate door",
			"from": [ 2, 11, 7.5 ],
			"to": [ 6, 15, 8.5 ],
			"faces": {
				"down": { "uv": [ 1, 4, 5, 5 ], "texture": "#texture" },
				"up": { "uv": [ 2, 1, 6, 2 ], "texture": "#texture" },
				"north": { "uv": [ 10, 1, 14, 5 ], "texture": "#texture" },
				"south": { "uv": [ 2, 1, 6, 5 ], "texture": "#texture" }
			}
		},
		{
			"__comment": "Lower horizontal bar of right-hand gate door",
			"from": [ 10, 5, 7.5 ],
			"to": [ 14, 9, 8.5 ],
			"faces": {
				"down": { "uv": [ 10, 15, 14, 16 ], "texture": "#texture" },
				"up": { "uv": [ 10, 12, 14, 13 ], "texture": "#texture" },
				"north": { "uv": [ 2, 12, 6, 16 ], "texture": "#texture" },
				"south": { "uv": [ 10, 12, 14, 16 ], "texture": "#texture" }
			}
		},
		{
			"__comment": "Upper horizontal bar of right-hand gate door",
			"from": [ 10, 11, 7.5 ],
			"to": [ 14, 15, 8.5 ],
			"faces": {
				"down": { "uv": [ 10, 4, 14, 5 ], "texture": "#texture" },
				"up": { "uv": [ 10, 1, 14, 2 ], "texture": "#texture" },
				"north": { "uv": [ 2, 1, 6, 5 ], "texture": "#texture" },
				"south": { "uv": [ 10, 1, 14, 5 ], "texture": "#texture" }
			}
		}
	],
	"display": {
		"gui": {
			"rotation":  [ 30, 45, 0 ],
			"translation":  [ 0, -1, 0 ],
			"scale":  [ 0.8, 0.8, 0.8 ]
		},
		"head": {
			"translation":  [ 0, -3, -6 ]
		}
	}
}