{
	"__comment": "Designed by Jehkoba with Cubik Studio - https://cubik.studio",
	"textures": {
		"particle": "block/acacia_fence",
		"texture": "block/acacia_fence"
	},
	"elements": [ 	 
		{
			"__comment": "Box2",
			"from": [ 7, 4, 0 ],
			"to": [ 9, 8, 6 ],
			"faces": {
				"down": { "uv": [ 7, 10, 9, 16 ], "texture": "#texture" },
				"up": { "uv": [ 7, 0, 9, 6 ], "texture": "#texture" },
				"north": { "uv": [ 7, 11, 9, 15 ], "texture": "#texture" },
				"south": { "uv": [ 7, 11, 9, 15 ], "texture": "#texture" },
				"west": { "uv": [ 0, 11, 6, 15 ], "texture": "#texture" },
				"east": { "uv": [ 10, 11, 16, 15 ], "texture": "#texture" }
			}
		},
		{
			"__comment": "Box3",
			"from": [ 7, 12, 0 ],
			"to": [ 9, 16, 6 ],
			"faces": {
				"down": { "uv": [ 7, 10, 9, 16 ], "texture": "#texture" },
				"up": { "uv": [ 7, 0, 9, 6 ], "texture": "#texture" },
				"north": { "uv": [ 7, 1, 9, 5 ], "texture": "#texture" },
				"south": { "uv": [ 7, 1, 9, 5 ], "texture": "#texture" },
				"west": { "uv": [ 0, 1, 6, 5 ], "texture": "#texture" },
				"east": { "uv": [ 10, 1, 16, 5 ], "texture": "#texture" }
			}
		},
		{
			"__comment": "Box4",
			"from": [ 7.5, 8, 0.75 ],
			"to": [ 8.5, 12, 4.75 ],
			"faces": {
				"north": { "uv": [ 7, 3, 8, 7 ], "texture": "#texture" },
				"south": { "uv": [ 7, 3, 8, 7 ], "texture": "#texture" },
				"west": { "uv": [ 1, 6, 5, 10 ], "texture": "#texture" },
				"east": { "uv": [ 1, 6, 5, 10 ], "texture": "#texture" }
			}
		}
	]
}