{
	"__comment": "Designed by Jehkoba with Cubik Studio - https://cubik.studio",
	"textures": {
		"particle": "block/bell_bottom",
		"bar": "block/bell_bar"
	},
	"elements": [ 	 
		{
			"__comment": "Element",
			"from": [ 3, 13, 7 ],
			"to": [ 16, 15, 9 ],
			"faces": {
				"down": { "uv": [ 2, 3, 14, 5 ], "texture": "#bar" },
				"up": { "uv": [ 2, 10, 14, 12 ], "texture": "#bar" },
				"north": { "uv": [ 2, 4, 14, 2 ], "texture": "#bar" },
				"south": { "uv": [ 2, 3, 14, 5 ], "texture": "#bar" },
				"west": { "uv": [ 5, 4, 7, 6 ], "texture": "#bar" },
				"east": { "uv": [ 5, 4, 7, 6 ], "texture": "#bar", "cullface": "east" }
			}
		}
	]
}