{
	"__comment": "Designed by Jehkoba with Cubik Studio - https://cubik.studio",
	"textures": {
		"particle": "block/bell_bottom",
		"bar": "block/bell_bar"
	},
	"elements": [ 	 
		{
			"__comment": "Element",
			"from": [ 7, 13, 7 ],
			"to": [ 9, 16, 9 ],
			"faces": {
				"up": { "uv": [ 1, 3, 3, 5 ], "texture": "#bar", "cullface": "up" },
				"north": { "uv": [ 7, 2, 9, 5 ], "texture": "#bar" },
				"south": { "uv": [ 1, 2, 3, 5 ], "texture": "#bar" },
				"west": { "uv": [ 4, 2, 6, 5 ], "texture": "#bar" },
				"east": { "uv": [ 3, 2, 1, 5 ], "texture": "#bar" }
			}
		}
	]
}