{
	"__comment": "Designed by Jehkoba with Cubik Studio - https://cubik.studio",
	"textures": {
		"particle": "block/bell_bottom",
		"bar": "block/bell_bar",
		"post": "block/stone"
	},
	"elements": [ 	 
		{
			"__comment": "Element",
			"from": [ 2, 13, 7 ],
			"to": [ 14, 15, 9 ],
			"faces": {
				"down": { "uv": [ 2, 3, 14, 5 ], "texture": "#bar" },
				"up": { "uv": [ 2, 10, 14, 12 ], "texture": "#bar" },
				"north": { "uv": [ 2, 4, 14, 2 ], "texture": "#bar" },
				"south": { "uv": [ 2, 3, 14, 5 ], "texture": "#bar" }
			}
		},
		{
			"__comment": "Element",
			"from": [ 14, 0, 6 ],
			"to": [ 16, 16, 10 ],
			"faces": {
				"down": { "uv": [ 0, 0, 2, 4 ], "texture": "#post", "cullface": "down" },
				"up": { "uv": [ 0, 0, 2, 4 ], "texture": "#post", "cullface": "up" },
				"north": { "uv": [ 0, 1, 2, 16 ], "texture": "#post" },
				"south": { "uv": [ 0, 1, 2, 16 ], "texture": "#post" },
				"west": { "uv": [ 0, 1, 4, 16 ], "texture": "#post" },
				"east": { "uv": [ 0, 1, 4, 16 ], "texture": "#post" }
			}
		},
		{
			"__comment": "Element",
			"from": [ 0, 0, 6 ],
			"to": [ 2, 16, 10 ],
			"faces": {
				"down": { "uv": [ 0, 0, 2, 4 ], "texture": "#post", "cullface": "down" },
				"up": { "uv": [ 0, 0, 2, 4 ], "texture": "#post", "cullface": "up" },
				"north": { "uv": [ 0, 1, 2, 16 ], "texture": "#post" },
				"south": { "uv": [ 0, 1, 2, 16 ], "texture": "#post" },
				"west": { "uv": [ 0, 1, 4, 16 ], "texture": "#post" },
				"east": { "uv": [ 0, 1, 4, 16 ], "texture": "#post" }
			}
		}
	]
}