{
	"__comment": "Designed by Jehkoba with Cubik Studio - https://cubik.studio",
	"textures": {
		"particle": "block/birch_fence",
		"texture": "block/birch_fence"
	},
	"elements": [ 	 
		{
			"__comment": "Box5",
			"from": [ 6.5, 0, 1 ],
			"to": [ 9.5, 16, 4 ],
			"faces": {
				"down": { "uv": [ 6.5, 12, 9.5, 15 ], "texture": "#texture" },
				"up": { "uv": [ 6.5, 1, 9.5, 4 ], "texture": "#texture" },
				"north": { "uv": [ 6.5, 0, 9.5, 16 ], "texture": "#texture" },
				"south": { "uv": [ 6.5, 0, 9.5, 16 ], "texture": "#texture" },
				"west": { "uv": [ 1, 0, 4, 16 ], "texture": "#texture" },
				"east": { "uv": [ 12, 0, 15, 16 ], "texture": "#texture" }
			}
		},
		{
			"__comment": "Box7",
			"from": [ 7, 5, 0 ],
			"to": [ 9, 8, 1 ],
			"faces": {
				"down": { "uv": [ 7, 15, 9, 16 ], "texture": "#texture" },
				"up": { "uv": [ 7, 0, 9, 1 ], "texture": "#texture" },
				"north": { "uv": [ 7, 10, 9, 13 ], "texture": "#texture" },
				"west": { "uv": [ 0, 10, 1, 13 ], "texture": "#texture" },
				"east": { "uv": [ 15, 10, 16, 13 ], "texture": "#texture" }
			}
		},
		{
			"__comment": "Box8",
			"from": [ 7, 12, 0 ],
			"to": [ 9, 15, 1 ],
			"faces": {
				"down": { "uv": [ 7, 15, 9, 16 ], "texture": "#texture" },
				"up": { "uv": [ 7, 0, 9, 1 ], "texture": "#texture" },
				"north": { "uv": [ 7, 3, 9, 6 ], "texture": "#texture" },
				"west": { "uv": [ 0, 3, 1, 6 ], "texture": "#texture" },
				"east": { "uv": [ 15, 3, 16, 6 ], "texture": "#texture" }
			}
		},
		{
			"__comment": "Box9",
			"from": [ 7, 5, 4 ],
			"to": [ 9, 8, 6 ],
			"faces": {
				"down": { "uv": [ 7, 10, 9, 12 ], "texture": "#texture" },
				"up": { "uv": [ 7, 4, 9, 6 ], "texture": "#texture" },
				"west": { "uv": [ 4, 10, 6, 13 ], "texture": "#texture" },
				"east": { "uv": [ 10, 10, 12, 13 ], "texture": "#texture" }
			}
		},
		{
			"__comment": "Box10",
			"from": [ 7, 12, 4 ],
			"to": [ 9, 15, 6 ],
			"faces": {
				"down": { "uv": [ 7, 10, 9, 12 ], "texture": "#texture" },
				"up": { "uv": [ 7, 4, 9, 6 ], "texture": "#texture" },
				"west": { "uv": [ 4, 3, 6, 6 ], "texture": "#texture" },
				"east": { "uv": [ 10, 3, 12, 6 ], "texture": "#texture" }
			}
		}
	]
}