{
	"__comment": "Designed by Jehkoba with Cubik Studio - https://cubik.studio",
	"parent": "block/block",
	"textures": {
		"particle": "block/birch_trapdoor",
		"texture": "block/birch_trapdoor"
	},
	"elements": [ 	 
		{
			"__comment": "Box1",
			"from": [ 0, 0, 0 ],
			"to": [ 16, 2, 3 ],
			"shade": false,
			"faces": {
				"down": { "uv": [ 0, 13, 16, 16 ], "texture": "#texture" },
				"up": { "uv": [ 0, 0, 16, 3 ], "texture": "#texture" },
				"north": { "uv": [ 0, 14, 16, 16 ], "texture": "#texture" },
				"south": { "uv": [ 0, 14, 16, 16 ], "texture": "#texture" },
				"west": { "uv": [ 0, 14, 3, 16 ], "texture": "#texture" },
				"east": { "uv": [ 13, 14, 16, 16 ], "texture": "#texture" }
			}
		},
		{
			"__comment": "Box2",
			"from": [ 0, 0, 13 ],
			"to": [ 16, 2, 16 ],
			"shade": false,
			"faces": {
				"down": { "uv": [ 0, 0, 16, 3 ], "texture": "#texture" },
				"up": { "uv": [ 0, 13, 16, 16 ], "texture": "#texture" },
				"north": { "uv": [ 0, 14, 16, 16 ], "texture": "#texture" },
				"south": { "uv": [ 0, 14, 16, 16 ], "texture": "#texture" },
				"west": { "uv": [ 13, 14, 16, 16 ], "texture": "#texture" },
				"east": { "uv": [ 0, 14, 3, 16 ], "texture": "#texture" }
			}
		},
		{
			"__comment": "Box3",
			"from": [ 13, 0, 3 ],
			"to": [ 16, 2, 13 ],
			"shade": false,
			"faces": {
				"down": { "uv": [ 13, 3, 16, 13 ], "texture": "#texture" },
				"up": { "uv": [ 13, 3, 16, 13 ], "texture": "#texture" },
				"west": { "uv": [ 3, 14, 13, 16 ], "texture": "#texture" },
				"east": { "uv": [ 3, 14, 13, 16 ], "texture": "#texture" }
			}
		},
		{
			"__comment": "Box4",
			"from": [ 0, 0, 3 ],
			"to": [ 3, 2, 13 ],
			"shade": false,
			"faces": {
				"down": { "uv": [ 0, 3, 3, 13 ], "texture": "#texture" },
				"up": { "uv": [ 0, 3, 3, 13 ], "texture": "#texture" },
				"west": { "uv": [ 3, 14, 13, 16 ], "texture": "#texture" },
				"east": { "uv": [ 3, 14, 13, 16 ], "texture": "#texture" }
			}
		},
		{
			"__comment": "Box5",
			"from": [ 7, 0.5, 3 ],
			"to": [ 9, 1.5, 13 ],
			"shade": false,
			"faces": {
				"down": { "uv": [ 7, 3, 9, 13 ], "texture": "#texture" },
				"up": { "uv": [ 7, 3, 9, 13 ], "texture": "#texture" },
				"west": { "uv": [ 3, 14.5, 13, 15.5 ], "texture": "#texture" },
				"east": { "uv": [ 3, 14.5, 13, 15.5 ], "texture": "#texture" }
			}
		},
		{
			"__comment": "Box6",
			"from": [ 3, 0.5, 7 ],
			"to": [ 7, 1.5, 9 ],
			"shade": false,
			"faces": {
				"down": { "uv": [ 3, 7, 7, 9 ], "texture": "#texture" },
				"up": { "uv": [ 3, 7, 7, 9 ], "texture": "#texture" },
				"north": { "uv": [ 9, 14.5, 13, 15.5 ], "texture": "#texture" },
				"south": { "uv": [ 3, 14.5, 7, 15.5 ], "texture": "#texture" }
			}
		},
		{
			"__comment": "Box7",
			"from": [ 9, 0.5, 7 ],
			"to": [ 13, 1.5, 9 ],
			"shade": false,
			"faces": {
				"down": { "uv": [ 9, 7, 13, 9 ], "texture": "#texture" },
				"up": { "uv": [ 9, 7, 13, 9 ], "texture": "#texture" },
				"north": { "uv": [ 3, 14.5, 7, 15.5 ], "texture": "#texture" },
				"south": { "uv": [ 9, 14.5, 13, 15.5 ], "texture": "#texture" }
			}
		},
		{
			"__comment": "PlaneY8",
			"from": [ 3, 1, 3 ],
			"to": [ 13, 1.001, 13 ],
			"shade": false,
			"faces": {
				"down": { "uv": [ 3, 3, 13, 13 ], "texture": "#texture" },
				"up": { "uv": [ 3, 3, 13, 13 ], "texture": "#texture" }
			}
		}
	]
}