{
	"__comment": "Designed by Jehkoba with Cubik Studio - https://cubik.studio",
	"textures": {
		"particle": "block/birch_door_top",
		"texture": "block/birch_door_top"
	},
	"elements": [ 	 
		{
			"__comment": "Box1",
			"from": [ 0, 0, 0 ],
			"to": [ 3, 16, 3 ],
			"shade": false,
			"faces": {
				"down": { "uv": [ 0, 13, 3, 16 ], "texture": "#texture" },
				"up": { "uv": [ 0, 0, 3, 3 ], "texture": "#texture" },
				"north": { "uv": [ 13, 0, 16, 16 ], "texture": "#texture" },
				"south": { "uv": [ 2, 0, 3, 16 ], "texture": "#texture" },
				"west": { "uv": [ 0, 0, 3, 16 ], "texture": "#texture" },
				"east": { "uv": [ 13, 0, 16, 16 ], "texture": "#texture" }
			}
		},
		{
			"__comment": "Box2",
			"from": [ 0, 0, 13 ],
			"to": [ 3, 16, 16 ],
			"shade": false,
			"faces": {
				"down": { "uv": [ 0, 0, 3, 3 ], "texture": "#texture" },
				"up": { "uv": [ 0, 13, 3, 16 ], "texture": "#texture" },
				"north": { "uv": [ 13, 0, 14, 16 ], "texture": "#texture" },
				"south": { "uv": [ 0, 0, 3, 16 ], "texture": "#texture" },
				"west": { "uv": [ 13, 0, 16, 16 ], "texture": "#texture" },
				"east": { "uv": [ 0, 0, 3, 16 ], "texture": "#texture" }
			}
		},
		{
			"__comment": "Box3",
			"from": [ 0, 0, 3 ],
			"to": [ 3, 2, 13 ],
			"shade": false,
			"faces": {
				"down": { "uv": [ 0, 3, 3, 13 ], "texture": "#texture" },
				"up": { "uv": [ 3, 14, 13, 15 ], "texture": "#texture", "rotation": 90 },
				"west": { "uv": [ 3, 14, 13, 16 ], "texture": "#texture" },
				"east": { "uv": [ 3, 14, 13, 16 ], "texture": "#texture" }
			}
		},
		{
			"__comment": "Box4",
			"from": [ 0, 14, 3 ],
			"to": [ 3, 16, 13 ],
			"shade": false,
			"faces": {
				"down": { "uv": [ 3, 1, 13, 2 ], "texture": "#texture", "rotation": 270 },
				"up": { "uv": [ 2, 0, 13, 1 ], "texture": "#texture", "rotation": 90 },
				"west": { "uv": [ 3, 0, 13, 2 ], "texture": "#texture" },
				"east": { "uv": [ 3, 0, 13, 2 ], "texture": "#texture" }
			}
		},
		{
			"__comment": "Box5",
			"from": [ 0, 7, 3 ],
			"to": [ 3, 9, 13 ],
			"shade": false,
			"faces": {
				"down": { "uv": [ 3, 8, 13, 9 ], "texture": "#texture", "rotation": 90 },
				"up": { "uv": [ 3, 7, 13, 8 ], "texture": "#texture", "rotation": 90 },
				"west": { "uv": [ 3, 7, 13, 9 ], "texture": "#texture" },
				"east": { "uv": [ 3, 7, 13, 9 ], "texture": "#texture" }
			}
		},
		{
			"__comment": "Box6",
			"from": [ 0, 2, 7 ],
			"to": [ 3, 7, 9 ],
			"shade": false,
			"faces": {
				"north": { "uv": [ 7, 9, 8, 14 ], "texture": "#texture" },
				"south": { "uv": [ 8, 9, 9, 14 ], "texture": "#texture" },
				"west": { "uv": [ 7, 9, 9, 14 ], "texture": "#texture" },
				"east": { "uv": [ 7, 9, 9, 14 ], "texture": "#texture" }
			}
		},
		{
			"__comment": "Box7",
			"from": [ 0, 9, 7 ],
			"to": [ 3, 14, 9 ],
			"shade": false,
			"faces": {
				"north": { "uv": [ 7, 2, 8, 7 ], "texture": "#texture" },
				"south": { "uv": [ 8, 2, 9, 7 ], "texture": "#texture" },
				"west": { "uv": [ 7, 2, 9, 7 ], "texture": "#texture" },
				"east": { "uv": [ 7, 2, 9, 7 ], "texture": "#texture" }
			}
		},
		{
			"__comment": "PlaneX9",
			"from": [ 1.5, 2, 3 ],
			"to": [ 1.501, 14, 13 ],
			"shade": false,
			"faces": {
				"west": { "uv": [ 3, 2, 13, 14 ], "texture": "#texture" },
				"east": { "uv": [ 3, 2, 13, 14 ], "texture": "#texture" }
			}
		}
	]
}