{
	"__comment": "Designed by Jehkoba with Cubik Studio - https://cubik.studio",
	"parent": "block/block",
	"textures": {
		"particle": "block/birch_fence",
		"texture": "block/birch_fence"
	},
	"elements": [ 	 
		{
			"__comment": "Left-hand post",
			"from": [ 0, 4, 7 ],
			"to": [ 2, 16, 9 ],
			"faces": {
				"down": { "uv": [ 10, 2, 12, 4 ], "texture": "#texture" },
				"up": { "uv": [ 10, 2, 12, 4 ], "texture": "#texture" },
				"north": { "uv": [ 7, 0, 9, 12 ], "texture": "#texture" },
				"south": { "uv": [ 7, 0, 9, 12 ], "texture": "#texture" },
				"west": { "uv": [ 7, 0, 9, 12 ], "texture": "#texture", "cullface": "west" },
				"east": { "uv": [ 7, 0, 9, 12 ], "texture": "#texture" }
			}
		},
		{
			"__comment": "Right-hand post",
			"from": [ 14, 4, 7 ],
			"to": [ 16, 16, 9 ],
			"faces": {
				"down": { "uv": [ 10, 2, 12, 4 ], "texture": "#texture" },
				"up": { "uv": [ 10, 2, 12, 4 ], "texture": "#texture" },
				"north": { "uv": [ 7, 0, 9, 12 ], "texture": "#texture" },
				"south": { "uv": [ 1, 0, 3, 11 ], "texture": "#texture" },
				"west": { "uv": [ 7, 0, 9, 12 ], "texture": "#texture" },
				"east": { "uv": [ 7, 0, 9, 12 ], "texture": "#texture", "cullface": "east" }
			}
		},
		{
			"__comment": "Inner vertical post of left-hand gate door",
			"from": [ 0, 4, 13 ],
			"to": [ 2, 16, 15 ],
			"faces": {
				"down": { "uv": [ 10, 2, 12, 4 ], "texture": "#texture" },
				"up": { "uv": [ 10, 2, 12, 4 ], "texture": "#texture" },
				"north": { "uv": [ 7, 0, 9, 12 ], "texture": "#texture" },
				"south": { "uv": [ 7, 0, 9, 12 ], "texture": "#texture" },
				"west": { "uv": [ 7, 0, 9, 12 ], "texture": "#texture" },
				"east": { "uv": [ 7, 0, 9, 12 ], "texture": "#texture" }
			}
		},
		{
			"__comment": "Inner vertical post of right-hand gate door",
			"from": [ 14, 4, 13 ],
			"to": [ 16, 16, 15 ],
			"faces": {
				"down": { "uv": [ 10, 2, 12, 4 ], "texture": "#texture" },
				"up": { "uv": [ 10, 2, 12, 4 ], "texture": "#texture" },
				"north": { "uv": [ 7, 0, 9, 12 ], "texture": "#texture" },
				"south": { "uv": [ 7, 0, 9, 12 ], "texture": "#texture" },
				"west": { "uv": [ 7, 0, 9, 12 ], "texture": "#texture" },
				"east": { "uv": [ 7, 0, 9, 12 ], "texture": "#texture" }
			}
		},
		{
			"__comment": "Lower horizontal bar of left-hand gate door",
			"from": [ 14.5, 6, 9 ],
			"to": [ 15.5, 8, 13 ],
			"faces": {
				"down": { "uv": [ 6, 14, 10, 15 ], "texture": "#texture", "rotation": 270 },
				"up": { "uv": [ 6, 14, 10, 15 ], "texture": "#texture", "rotation": 90 },
				"west": { "uv": [ 6, 12, 10, 14 ], "texture": "#texture" },
				"east": { "uv": [ 10, 12, 6, 14 ], "texture": "#texture" }
			}
		},
		{
			"__comment": "Upper horizontal bar of left-hand gate door",
			"from": [ 14.5, 12, 9 ],
			"to": [ 15.5, 14, 13 ],
			"faces": {
				"down": { "uv": [ 6, 14, 10, 15 ], "texture": "#texture", "rotation": 270 },
				"up": { "uv": [ 6, 14, 10, 15 ], "texture": "#texture", "rotation": 90 },
				"west": { "uv": [ 6, 12, 10, 14 ], "texture": "#texture" },
				"east": { "uv": [ 10, 14, 6, 16 ], "texture": "#texture" }
			}
		},
		{
			"__comment": "Lower horizontal bar of right-hand gate door",
			"from": [ 0.5, 6, 9 ],
			"to": [ 1.5, 8, 13 ],
			"faces": {
				"down": { "uv": [ 10, 14, 6, 15 ], "texture": "#texture", "rotation": 90 },
				"up": { "uv": [ 10, 14, 6, 15 ], "texture": "#texture", "rotation": 270 },
				"west": { "uv": [ 6, 12, 10, 14 ], "texture": "#texture" },
				"east": { "uv": [ 10, 12, 6, 14 ], "texture": "#texture" }
			}
		},
		{
			"__comment": "Upper horizontal bar of right-hand gate door",
			"from": [ 0.5, 12, 9 ],
			"to": [ 1.5, 14, 13 ],
			"faces": {
				"down": { "uv": [ 10, 14, 6, 15 ], "texture": "#texture", "rotation": 90 },
				"up": { "uv": [ 10, 14, 6, 15 ], "texture": "#texture", "rotation": 270 },
				"west": { "uv": [ 6, 12, 10, 14 ], "texture": "#texture" },
				"east": { "uv": [ 10, 12, 6, 14 ], "texture": "#texture" }
			}
		}
	],
	"display": {
		"gui": {
			"rotation":  [ 30, 45, 0 ],
			"translation":  [ 0, -1, 0 ],
			"scale":  [ 0.8, 0.8, 0.8 ]
		},
		"head": {
			"translation":  [ 0, -3, -6 ]
		}
	}
}