{
	"__comment": "Designed by Jehkoba with Cubik Studio - https://cubik.studio",
	"parent": "block/block",
	"textures": {
		"particle": "block/blast_furnace_front",
		"front": "block/blast_furnace_front",
		"front_on": "block/blast_furnace_front_on",
		"side": "block/blast_furnace_side",
		"top": "block/blast_furnace_top",
		"smooth_stone": "block/smooth_stone",
		"furnace_top": "block/furnace_top"
	},
	"elements": [ 	 
		{
			"from": [ -0.5, 0, -0.5 ],
			"to": [ 16.5, 3, 16.5 ],
			"shade": false,
			"faces": {
				"down": { "uv": [ 0, 0, 16, 16 ], "texture": "#smooth_stone" },
				"up": { "uv": [ 0, 0, 16, 16 ], "texture": "#smooth_stone" },
				"north": { "uv": [ 0, 13, 16, 16 ], "texture": "#front" },
				"south": { "uv": [ 0, 13, 16, 16 ], "texture": "#side" },
				"west": { "uv": [ 0, 13, 16, 16 ], "texture": "#side" },
				"east": { "uv": [ 0, 13, 16, 16 ], "texture": "#side" }
			}
		},
		{
			"from": [ -0.5, 3, 0.5 ],
			"to": [ 16.5, 5, 16.5 ],
			"shade": false,
			"faces": {
				"up": { "uv": [ 1, 1, 15, 15 ], "texture": "#smooth_stone" },
				"north": { "uv": [ 0, 11, 16, 13 ], "texture": "#front" },
				"south": { "uv": [ 0, 11, 16, 13 ], "texture": "#side" },
				"west": { "uv": [ 1, 11, 16, 13 ], "texture": "#side" },
				"east": { "uv": [ 0, 11, 15, 13 ], "texture": "#side" }
			}
		},
		{
			"from": [ -0.5, 3, -0.5 ],
			"to": [ 4, 5, 0.5 ],
			"shade": false,
			"faces": {
				"up": { "uv": [ 4, 11, 0, 11.5 ], "texture": "#front" },
				"north": { "uv": [ 12, 11, 16, 13 ], "texture": "#front" },
				"west": { "uv": [ 0, 11, 1, 13 ], "texture": "#front" },
				"east": { "uv": [ 3, 11, 4, 13 ], "texture": "#front" }
			}
		},
		{
			"from": [ 12, 3, -0.5 ],
			"to": [ 16.5, 5, 0.5 ],
			"shade": false,
			"faces": {
				"up": { "uv": [ 4, 11, 0, 11.5 ], "texture": "#front" },
				"north": { "uv": [ 12, 11, 16, 13 ], "texture": "#front" },
				"west": { "uv": [ 0, 11, 1, 13 ], "texture": "#front" },
				"east": { "uv": [ 3, 11, 4, 13 ], "texture": "#front" }
			}
		},
		{
			"from": [ 0, 5, 0.5 ],
			"to": [ 16, 6, 16 ],
			"shade": false,
			"faces": {
				"north": { "uv": [ 0.5, 10, 15.5, 11 ], "texture": "#front" },
				"south": { "uv": [ 0, 10, 16, 11 ], "texture": "#side" },
				"west": { "uv": [ 0.5, 10, 16, 11 ], "texture": "#side" },
				"east": { "uv": [ 0, 10, 15.5, 11 ], "texture": "#side" }
			}
		},
		{
			"from": [ 2, 5, -1 ],
			"to": [ 4, 7, 0.5 ],
			"shade": false,
			"faces": {
				"down": { "uv": [ 4, 9, 2, 10 ], "texture": "#front" },
				"up": { "uv": [ 4, 9, 2, 10 ], "texture": "#front" },
				"north": { "uv": [ 12, 9, 14, 11 ], "texture": "#front" },
				"south": { "uv": [ 2, 9, 4, 11 ], "texture": "#front" },
				"west": { "uv": [ 13, 9, 14, 11 ], "texture": "#front" },
				"east": { "uv": [ 12, 9, 13, 11 ], "texture": "#front" }
			}
		},
		{
			"from": [ 12, 5, -1 ],
			"to": [ 14, 7, 0.5 ],
			"shade": false,
			"faces": {
				"down": { "uv": [ 4, 9, 2, 10 ], "texture": "#front" },
				"up": { "uv": [ 4, 9, 2, 10 ], "texture": "#front" },
				"north": { "uv": [ 12, 9, 14, 11 ], "texture": "#front" },
				"south": { "uv": [ 2, 9, 4, 11 ], "texture": "#front" },
				"west": { "uv": [ 13, 9, 14, 11 ], "texture": "#front" },
				"east": { "uv": [ 12, 9, 13, 11 ], "texture": "#front" }
			}
		},
		{
			"from": [ 5, 2, -1 ],
			"to": [ 7, 8, 0.5 ],
			"shade": false,
			"faces": {
				"down": { "uv": [ 11, 13, 9, 14 ], "texture": "#front" },
				"up": { "uv": [ 11, 8, 9, 9 ], "texture": "#front" },
				"north": { "uv": [ 9, 8, 11, 14 ], "texture": "#front" },
				"south": { "uv": [ 5, 8, 7, 14 ], "texture": "#front" },
				"west": { "uv": [ 10, 8, 11, 14 ], "texture": "#front" },
				"east": { "uv": [ 9, 8, 10, 14 ], "texture": "#front" }
			}
		},
		{
			"from": [ 9, 2, -1 ],
			"to": [ 11, 8, 0.5 ],
			"shade": false,
			"faces": {
				"down": { "uv": [ 11, 13, 9, 14 ], "texture": "#front" },
				"up": { "uv": [ 11, 8, 9, 9 ], "texture": "#front" },
				"north": { "uv": [ 9, 8, 11, 14 ], "texture": "#front" },
				"south": { "uv": [ 5, 8, 7, 14 ], "texture": "#front" },
				"west": { "uv": [ 10, 8, 11, 14 ], "texture": "#front" },
				"east": { "uv": [ 9, 8, 10, 14 ], "texture": "#front" }
			}
		},
		{
			"from": [ 0, 6, 0 ],
			"to": [ 16, 9, 16 ],
			"shade": false,
			"faces": {
				"down": { "uv": [ 0.5, 9.5, 15.5, 10 ], "texture": "#front" },
				"up": { "uv": [ 0.5, 7, 15.5, 7.5 ], "texture": "#front" },
				"north": { "uv": [ 0, 7, 16, 10 ], "texture": "#front" },
				"south": { "uv": [ 0, 7, 16, 10 ], "texture": "#side" },
				"west": { "uv": [ 0, 7, 16, 10 ], "texture": "#side" },
				"east": { "uv": [ 0, 7, 16, 10 ], "texture": "#side" }
			}
		},
		{
			"from": [ 0, 5, 0 ],
			"to": [ 2, 6, 0.5 ],
			"shade": false,
			"faces": {
				"north": { "uv": [ 14, 10, 16, 11 ], "texture": "#front" },
				"west": { "uv": [ 0.5, 10, 1, 11 ], "texture": "#front" }
			}
		},
		{
			"from": [ 14, 5, 0 ],
			"to": [ 16, 6, 0.5 ],
			"shade": false,
			"faces": {
				"north": { "uv": [ 0, 10, 2, 11 ], "texture": "#front" },
				"east": { "uv": [ 0.5, 10, 1, 11 ], "texture": "#front" }
			}
		},
		{
			"from": [ 0, 9, 0.5 ],
			"to": [ 16, 11, 16 ],
			"shade": false,
			"faces": {
				"north": { "uv": [ 0, 5, 16, 7 ], "texture": "#front" },
				"south": { "uv": [ 0, 5, 16, 7 ], "texture": "#side" },
				"west": { "uv": [ 0.5, 5, 16, 7 ], "texture": "#side" },
				"east": { "uv": [ 0, 5, 15.5, 7 ], "texture": "#side" }
			}
		},
		{
			"from": [ 0, 9, 0 ],
			"to": [ 3, 11, 0.5 ],
			"shade": false,
			"faces": {
				"north": { "uv": [ 13, 5, 16, 7 ], "texture": "#front" },
				"east": { "uv": [ 13, 5, 13.5, 7 ], "texture": "#front" }
			}
		},
		{
			"from": [ 13, 9, 0 ],
			"to": [ 16, 11, 0.5 ],
			"shade": false,
			"faces": {
				"north": { "uv": [ 0, 5, 3, 7 ], "texture": "#front" },
				"west": { "uv": [ 2.5, 5, 3, 7 ], "texture": "#front" }
			}
		},
		{
			"from": [ 0, 11, 0 ],
			"to": [ 16, 13, 16 ],
			"shade": false,
			"faces": {
				"down": { "uv": [ 15.5, 4.5, 0.5, 5 ], "texture": "#front" },
				"north": { "uv": [ 0, 3, 16, 5 ], "texture": "#front" },
				"south": { "uv": [ 0, 3, 16, 5 ], "texture": "#side" },
				"west": { "uv": [ 0, 3, 16, 5 ], "texture": "#side" },
				"east": { "uv": [ 0, 3, 16, 5 ], "texture": "#side" }
			}
		},
		{
			"from": [ -0.5, 6, -0.5 ],
			"to": [ 1, 13, 1 ],
			"shade": false,
			"faces": {
				"down": { "uv": [ 15, 9, 16, 10 ], "texture": "#front" },
				"north": { "uv": [ 15, 3, 16, 10 ], "texture": "#front" },
				"south": { "uv": [ 15, 3, 16, 10 ], "texture": "#front" },
				"west": { "uv": [ 15, 3, 16, 10 ], "texture": "#front" },
				"east": { "uv": [ 15, 3, 16, 10 ], "texture": "#front" }
			}
		},
		{
			"from": [ 15, 6, -0.5 ],
			"to": [ 16.5, 13, 1 ],
			"shade": false,
			"faces": {
				"down": { "uv": [ 15, 9, 16, 10 ], "texture": "#front" },
				"north": { "uv": [ 0, 4, 1, 10 ], "texture": "#front" },
				"south": { "uv": [ 0, 4, 1, 10 ], "texture": "#front" },
				"west": { "uv": [ 0, 4, 1, 10 ], "texture": "#front" },
				"east": { "uv": [ 0, 4, 1, 10 ], "texture": "#front" }
			}
		},
		{
			"from": [ 15, 6, 15 ],
			"to": [ 16.5, 13, 16.5 ],
			"shade": false,
			"faces": {
				"down": { "uv": [ 15, 9, 16, 10 ], "texture": "#front" },
				"north": { "uv": [ 15, 3, 16, 10 ], "texture": "#front" },
				"south": { "uv": [ 15, 3, 16, 10 ], "texture": "#front" },
				"west": { "uv": [ 15, 3, 16, 10 ], "texture": "#front" },
				"east": { "uv": [ 15, 3, 16, 10 ], "texture": "#front" }
			}
		},
		{
			"from": [ -0.5, 6, 15 ],
			"to": [ 1, 13, 16.5 ],
			"shade": false,
			"faces": {
				"down": { "uv": [ 15, 9, 16, 10 ], "texture": "#front" },
				"north": { "uv": [ 0, 2, 1, 10 ], "texture": "#front" },
				"south": { "uv": [ 0, 2, 1, 10 ], "texture": "#front" },
				"west": { "uv": [ 0, 2, 1, 10 ], "texture": "#front" },
				"east": { "uv": [ 0, 2, 1, 10 ], "texture": "#front" }
			}
		},
		{
			"from": [ -0.5, 13, -0.5 ],
			"to": [ 16.5, 14, 16.5 ],
			"shade": false,
			"faces": {
				"down": { "uv": [ 16, 2, 0, 3 ], "texture": "#front" },
				"up": { "uv": [ 0, 0, 16, 16 ], "texture": "#smooth_stone" },
				"north": { "uv": [ 0, 2, 16, 3 ], "texture": "#front" },
				"south": { "uv": [ 0, 2, 16, 3 ], "texture": "#side" },
				"west": { "uv": [ 0, 2, 16, 3 ], "texture": "#side" },
				"east": { "uv": [ 0, 2, 16, 3 ], "texture": "#side" }
			}
		},
		{
			"from": [ 0, 14, 0 ],
			"to": [ 16, 16, 16 ],
			"shade": false,
			"faces": {
				"up": { "uv": [ 0, 0, 16, 16 ], "texture": "#furnace_top" },
				"north": { "uv": [ 0, 0, 16, 2 ], "texture": "#front" },
				"south": { "uv": [ 0, 0, 16, 2 ], "texture": "#side" },
				"west": { "uv": [ 16, 0, 0, 2 ], "texture": "#side" },
				"east": { "uv": [ 16, 0, 0, 2 ], "texture": "#side" }
			}
		},
		{
			"from": [ 1.5, 16, 1.5 ],
			"to": [ 3.5, 16.5, 3.5 ],
			"shade": false,
			"faces": {
				"up": { "uv": [ 1, 1, 3, 3 ], "texture": "#top" },
				"north": { "uv": [ 3, 1, 1, 2 ], "texture": "#top" },
				"south": { "uv": [ 1, 2, 3, 3 ], "texture": "#top" },
				"west": { "uv": [ 1, 1, 2, 3 ], "texture": "#top", "rotation": 270 },
				"east": { "uv": [ 2, 1, 3, 3 ], "texture": "#top", "rotation": 90 }
			}
		},
		{
			"from": [ 1.5, 16, 12.5 ],
			"to": [ 3.5, 16.5, 14.5 ],
			"shade": false,
			"faces": {
				"up": { "uv": [ 1, 1, 3, 3 ], "texture": "#top" },
				"north": { "uv": [ 3, 1, 1, 2 ], "texture": "#top" },
				"south": { "uv": [ 1, 2, 3, 3 ], "texture": "#top" },
				"west": { "uv": [ 1, 1, 2, 3 ], "texture": "#top", "rotation": 270 },
				"east": { "uv": [ 2, 1, 3, 3 ], "texture": "#top", "rotation": 90 }
			}
		},
		{
			"from": [ 12.5, 16, 1.5 ],
			"to": [ 14.5, 16.5, 3.5 ],
			"shade": false,
			"faces": {
				"up": { "uv": [ 1, 1, 3, 3 ], "texture": "#top" },
				"north": { "uv": [ 3, 1, 1, 2 ], "texture": "#top" },
				"south": { "uv": [ 1, 2, 3, 3 ], "texture": "#top" },
				"west": { "uv": [ 1, 1, 2, 3 ], "texture": "#top", "rotation": 270 },
				"east": { "uv": [ 2, 1, 3, 3 ], "texture": "#top", "rotation": 90 }
			}
		},
		{
			"from": [ 12.5, 16, 12.5 ],
			"to": [ 14.5, 16.5, 14.5 ],
			"shade": false,
			"faces": {
				"up": { "uv": [ 1, 1, 3, 3 ], "texture": "#top" },
				"north": { "uv": [ 3, 1, 1, 2 ], "texture": "#top" },
				"south": { "uv": [ 1, 2, 3, 3 ], "texture": "#top" },
				"west": { "uv": [ 1, 1, 2, 3 ], "texture": "#top", "rotation": 270 },
				"east": { "uv": [ 2, 1, 3, 3 ], "texture": "#top", "rotation": 90 }
			}
		},
		{
			"from": [ 7, 16, 7 ],
			"to": [ 9, 16.5, 9 ],
			"shade": false,
			"faces": {
				"up": { "uv": [ 1, 1, 3, 3 ], "texture": "#top" },
				"north": { "uv": [ 3, 1, 1, 2 ], "texture": "#top" },
				"south": { "uv": [ 1, 2, 3, 3 ], "texture": "#top" },
				"west": { "uv": [ 1, 1, 2, 3 ], "texture": "#top", "rotation": 270 },
				"east": { "uv": [ 2, 1, 3, 3 ], "texture": "#top", "rotation": 90 }
			}
		},
		{
			"from": [ 7, 6, -0.5 ],
			"to": [ 9, 8, 0 ],
			"shade": false,
			"faces": {
				"down": { "uv": [ 4, 9, 2, 10 ], "texture": "#front" },
				"up": { "uv": [ 4, 9, 2, 10 ], "texture": "#front" },
				"north": { "uv": [ 12, 9, 14, 11 ], "texture": "#front" }
			}
		},
		{
			"from": [ 2, 16, 4 ],
			"to": [ 3, 16.5, 12 ],
			"shade": false,
			"faces": {
				"up": { "uv": [ 1, 4, 2, 12 ], "texture": "#top" },
				"north": { "uv": [ 1, 4, 2, 5 ], "texture": "#top" },
				"south": { "uv": [ 1, 11, 2, 12 ], "texture": "#top" },
				"west": { "uv": [ 1, 4, 2, 12 ], "texture": "#top", "rotation": 90 },
				"east": { "uv": [ 1, 4, 2, 12 ], "texture": "#top", "rotation": 270 }
			}
		},
		{
			"from": [ 13, 16, 4 ],
			"to": [ 14, 16.5, 12 ],
			"shade": false,
			"faces": {
				"up": { "uv": [ 1, 4, 2, 12 ], "texture": "#top" },
				"north": { "uv": [ 1, 4, 2, 5 ], "texture": "#top" },
				"south": { "uv": [ 1, 11, 2, 12 ], "texture": "#top" },
				"west": { "uv": [ 1, 4, 2, 12 ], "texture": "#top", "rotation": 90 },
				"east": { "uv": [ 1, 4, 2, 12 ], "texture": "#top", "rotation": 270 }
			}
		},
		{
			"from": [ 4, 16, 2 ],
			"to": [ 12, 16.5, 3 ],
			"shade": false,
			"faces": {
				"up": { "uv": [ 4, 1, 12, 2 ], "texture": "#top" },
				"north": { "uv": [ 4, 1, 12, 2 ], "texture": "#top" },
				"south": { "uv": [ 4, 1, 12, 2 ], "texture": "#top" },
				"west": { "uv": [ 4, 1, 5, 2 ], "texture": "#top" },
				"east": { "uv": [ 11, 1, 12, 2 ], "texture": "#top" }
			}
		},
		{
			"from": [ 4, 16, 13 ],
			"to": [ 12, 16.5, 14 ],
			"shade": false,
			"faces": {
				"up": { "uv": [ 4, 1, 12, 2 ], "texture": "#top" },
				"north": { "uv": [ 4, 1, 12, 2 ], "texture": "#top" },
				"south": { "uv": [ 4, 1, 12, 2 ], "texture": "#top" },
				"west": { "uv": [ 4, 1, 5, 2 ], "texture": "#top" },
				"east": { "uv": [ 11, 1, 12, 2 ], "texture": "#top" }
			}
		}
	]
}