{
	"__comment": "Designed by Jehkoba with Cubik Studio - https://cubik.studio",
	"parent": "block/cube",
	"textures": {
		"particle": "block/cartography_table_side3",
		"down": "block/cartography_table_bottom",
		"up": "block/cartography_table_top",
		"north": "block/cartography_table_side3",
		"east": "block/cartography_table_side3",
		"south": "block/cartography_table_side1",
		"west": "block/cartography_table_side2"
	},
	"elements": [ 	 
		{
			"__comment": "Box1",
			"from": [ 0, 0, 0 ],
			"to": [ 16, 2, 16 ],
			"faces": {
				"down": { "uv": [ 0, 0, 16, 16 ], "texture": "#down" },
				"up": { "uv": [ 0, 0, 16, 16 ], "texture": "#down" },
				"north": { "uv": [ 0, 14, 16, 16 ], "texture": "#down" },
				"south": { "uv": [ 0, 14, 16, 16 ], "texture": "#down" },
				"west": { "uv": [ 0, 14, 16, 16 ], "texture": "#down" },
				"east": { "uv": [ 0, 14, 16, 16 ], "texture": "#down" }
			}
		},
		{
			"__comment": "Box2",
			"from": [ 1, 2, 1 ],
			"to": [ 15, 11, 15 ],
			"faces": {
				"north": { "uv": [ 1, 5, 15, 14 ], "texture": "#north" },
				"south": { "uv": [ 1, 5, 15, 14 ], "texture": "#south" },
				"west": { "uv": [ 1, 5, 15, 14 ], "texture": "#west" },
				"east": { "uv": [ 1, 5, 15, 14 ], "texture": "#east" }
			}
		},
		{
			"__comment": "Box3",
			"from": [ 0, 2, 0 ],
			"to": [ 3, 11, 3 ],
			"faces": {
				"north": { "uv": [ 13, 5, 16, 14 ], "texture": "#north" },
				"south": { "uv": [ 3, 5, 0, 14 ], "texture": "#south" },
				"west": { "uv": [ 0, 5, 3, 14 ], "texture": "#east" },
				"east": { "uv": [ 13, 5, 16, 14 ], "texture": "#west" }
			}
		},
		{
			"__comment": "Box3",
			"from": [ 0, 2, 13 ],
			"to": [ 3, 11, 16 ],
			"faces": {
				"north": { "uv": [ 13, 5, 16, 14 ], "texture": "#north" },
				"south": { "uv": [ 0, 5, 3, 14 ], "texture": "#south" },
				"west": { "uv": [ 0, 5, 3, 14 ], "texture": "#east" },
				"east": { "uv": [ 13, 5, 16, 14 ], "texture": "#west" }
			}
		},
		{
			"__comment": "Box3",
			"from": [ 13, 2, 13 ],
			"to": [ 16, 11, 16 ],
			"faces": {
				"north": { "uv": [ 13, 5, 16, 14 ], "texture": "#north" },
				"south": { "uv": [ 0, 5, 3, 14 ], "texture": "#south" },
				"west": { "uv": [ 0, 5, 3, 14 ], "texture": "#east" },
				"east": { "uv": [ 13, 5, 16, 14 ], "texture": "#west" }
			}
		},
		{
			"__comment": "Box3",
			"from": [ 13, 2, 0 ],
			"to": [ 16, 11, 3 ],
			"faces": {
				"north": { "uv": [ 13, 5, 16, 14 ], "texture": "#north" },
				"south": { "uv": [ 0, 5, 3, 14 ], "texture": "#south" },
				"west": { "uv": [ 0, 5, 3, 14 ], "texture": "#east" },
				"east": { "uv": [ 13, 5, 16, 14 ], "texture": "#west" }
			}
		},
		{
			"__comment": "Box7",
			"from": [ 0.5, 8, 3 ],
			"to": [ 1, 11, 13 ],
			"faces": {
				"down": { "uv": [ 15, 3, 15.5, 13 ], "texture": "#down" },
				"west": { "uv": [ 3, 5, 13, 8 ], "texture": "#west" }
			}
		},
		{
			"__comment": "Box8",
			"from": [ -0.5, 9, 7 ],
			"to": [ 0.5, 11, 9 ],
			"faces": {
				"down": { "uv": [ 8.5, 7, 9, 5 ], "texture": "#west" },
				"up": { "uv": [ 7, 5, 7.5, 7 ], "texture": "#west" },
				"north": { "uv": [ 7, 5, 7.5, 7 ], "texture": "#west" },
				"south": { "uv": [ 8.5, 5, 9, 7 ], "texture": "#west" },
				"west": { "uv": [ 7, 5, 9, 7 ], "texture": "#west" }
			}
		},
		{
			"__comment": "Box11",
			"from": [ 0, 11, 0 ],
			"to": [ 16, 16, 16 ],
			"faces": {
				"down": { "uv": [ 0, 0, 16, 16 ], "texture": "#down" },
				"up": { "uv": [ 0, 0, 16, 16 ], "texture": "#up" },
				"north": { "uv": [ 0, 0, 16, 5 ], "texture": "#north" },
				"south": { "uv": [ 0, 0, 16, 5 ], "texture": "#south" },
				"west": { "uv": [ 0, 0, 16, 5 ], "texture": "#west" },
				"east": { "uv": [ 0, 0, 16, 5 ], "texture": "#east" }
			}
		}
	]
}