{
	"__comment": "Designed by Jehkoba with Cubik Studio - https://cubik.studio",
	"parent": "block/cube_all",
	"textures": {
		"particle": "block/chiseled_stone_bricks",
		"texture": "block/chiseled_stone_bricks"
	},
	"elements": [ 	 
		{
			"__comment": "Box1",
			"from": [ 0, 0, 0 ],
			"to": [ 1, 1, 16 ],
			"faces": {
				"down": { "uv": [ 0, 0, 1, 16 ], "texture": "#texture" },
				"up": { "uv": [ 0, 0, 1, 16 ], "texture": "#texture" },
				"north": { "uv": [ 15, 15, 16, 16 ], "texture": "#texture" },
				"south": { "uv": [ 0, 15, 1, 16 ], "texture": "#texture" },
				"west": { "uv": [ 0, 15, 16, 16 ], "texture": "#texture" },
				"east": { "uv": [ 0, 15, 16, 16 ], "texture": "#texture" }
			}
		},
		{
			"__comment": "Box2",
			"from": [ 1, 0, 0 ],
			"to": [ 15, 1, 1 ],
			"faces": {
				"down": { "uv": [ 1, 15, 15, 16 ], "texture": "#texture" },
				"up": { "uv": [ 1, 0, 15, 1 ], "texture": "#texture" },
				"north": { "uv": [ 1, 15, 15, 16 ], "texture": "#texture" },
				"south": { "uv": [ 1, 15, 15, 16 ], "texture": "#texture" }
			}
		},
		{
			"__comment": "Box3",
			"from": [ 15, 0, 0 ],
			"to": [ 16, 1, 16 ],
			"faces": {
				"down": { "uv": [ 15, 0, 16, 16 ], "texture": "#texture" },
				"up": { "uv": [ 15, 0, 16, 16 ], "texture": "#texture" },
				"north": { "uv": [ 0, 15, 1, 16 ], "texture": "#texture" },
				"south": { "uv": [ 15, 15, 16, 16 ], "texture": "#texture" },
				"west": { "uv": [ 0, 15, 16, 16 ], "texture": "#texture" },
				"east": { "uv": [ 0, 15, 16, 16 ], "texture": "#texture" }
			}
		},
		{
			"__comment": "Box4",
			"from": [ 1, 0, 15 ],
			"to": [ 15, 1, 16 ],
			"faces": {
				"down": { "uv": [ 1, 0, 15, 1 ], "texture": "#texture" },
				"up": { "uv": [ 1, 15, 15, 16 ], "texture": "#texture" },
				"north": { "uv": [ 1, 15, 15, 16 ], "texture": "#texture" },
				"south": { "uv": [ 1, 15, 15, 16 ], "texture": "#texture" }
			}
		},
		{
			"__comment": "Box5",
			"from": [ 3, 0, 3 ],
			"to": [ 7, 16, 4 ],
			"faces": {
				"down": { "uv": [ 3, 12, 7, 13 ], "texture": "#texture" },
				"up": { "uv": [ 3, 3, 7, 4 ], "texture": "#texture" },
				"north": { "uv": [ 9, 0, 13, 16 ], "texture": "#texture" },
				"south": { "uv": [ 3, 0, 7, 16 ], "texture": "#texture" },
				"west": { "uv": [ 3, 0, 4, 16 ], "texture": "#texture" },
				"east": { "uv": [ 12, 0, 13, 16 ], "texture": "#texture" }
			}
		},
		{
			"__comment": "Box6",
			"from": [ 3, 0, 4 ],
			"to": [ 4, 16, 6 ],
			"faces": {
				"down": { "uv": [ 3, 10, 4, 12 ], "texture": "#texture" },
				"up": { "uv": [ 3, 4, 4, 6 ], "texture": "#texture" },
				"west": { "uv": [ 4, 0, 6, 16 ], "texture": "#texture" },
				"east": { "uv": [ 10, 0, 12, 16 ], "texture": "#texture" }
			}
		},
		{
			"__comment": "Box7",
			"from": [ 6, 0, 4 ],
			"to": [ 7, 16, 6 ],
			"faces": {
				"down": { "uv": [ 6, 10, 7, 12 ], "texture": "#texture" },
				"up": { "uv": [ 6, 4, 7, 6 ], "texture": "#texture" },
				"west": { "uv": [ 4, 0, 6, 16 ], "texture": "#texture" },
				"east": { "uv": [ 10, 0, 12, 16 ], "texture": "#texture" }
			}
		},
		{
			"__comment": "Box8",
			"from": [ 3, 0, 6 ],
			"to": [ 9, 16, 7 ],
			"faces": {
				"down": { "uv": [ 3, 9, 9, 10 ], "texture": "#texture" },
				"up": { "uv": [ 3, 6, 9, 7 ], "texture": "#texture" },
				"north": { "uv": [ 7, 0, 13, 16 ], "texture": "#texture" },
				"south": { "uv": [ 3, 0, 9, 16 ], "texture": "#texture" },
				"west": { "uv": [ 6, 0, 7, 16 ], "texture": "#texture" }
			}
		},
		{
			"__comment": "Box9",
			"from": [ 9, 0, 4 ],
			"to": [ 10, 16, 9 ],
			"faces": {
				"down": { "uv": [ 9, 7, 10, 12 ], "texture": "#texture" },
				"up": { "uv": [ 9, 4, 10, 9 ], "texture": "#texture" },
				"west": { "uv": [ 4, 0, 9, 16 ], "texture": "#texture" },
				"east": { "uv": [ 7, 0, 12, 16 ], "texture": "#texture" }
			}
		},
		{
			"__comment": "Box10",
			"from": [ 9, 0, 3 ],
			"to": [ 13, 16, 4 ],
			"faces": {
				"down": { "uv": [ 9, 12, 13, 13 ], "texture": "#texture" },
				"up": { "uv": [ 9, 3, 13, 4 ], "texture": "#texture" },
				"north": { "uv": [ 3, 0, 7, 16 ], "texture": "#texture" },
				"south": { "uv": [ 9, 0, 13, 16 ], "texture": "#texture" },
				"west": { "uv": [ 3, 0, 4, 16 ], "texture": "#texture" },
				"east": { "uv": [ 12, 0, 13, 16 ], "texture": "#texture" }
			}
		},
		{
			"__comment": "Box11",
			"from": [ 12, 0, 4 ],
			"to": [ 13, 16, 6 ],
			"faces": {
				"down": { "uv": [ 12, 10, 13, 12 ], "texture": "#texture" },
				"up": { "uv": [ 12, 4, 13, 6 ], "texture": "#texture" },
				"west": { "uv": [ 4, 0, 6, 16 ], "texture": "#texture" },
				"east": { "uv": [ 10, 0, 12, 16 ], "texture": "#texture" }
			}
		},
		{
			"__comment": "Box12",
			"from": [ 10, 0, 6 ],
			"to": [ 13, 16, 7 ],
			"faces": {
				"down": { "uv": [ 10, 9, 13, 10 ], "texture": "#texture" },
				"up": { "uv": [ 10, 6, 13, 7 ], "texture": "#texture" },
				"north": { "uv": [ 3, 0, 6, 16 ], "texture": "#texture" },
				"south": { "uv": [ 10, 0, 13, 16 ], "texture": "#texture" },
				"east": { "uv": [ 9, 0, 10, 16 ], "texture": "#texture" }
			}
		},
		{
			"__comment": "Box13",
			"from": [ 7, 0, 9 ],
			"to": [ 12, 16, 10 ],
			"faces": {
				"down": { "uv": [ 7, 6, 12, 7 ], "texture": "#texture" },
				"up": { "uv": [ 7, 9, 12, 10 ], "texture": "#texture" },
				"north": { "uv": [ 4, 0, 9, 16 ], "texture": "#texture" },
				"south": { "uv": [ 7, 0, 12, 16 ], "texture": "#texture" }
			}
		},
		{
			"__comment": "Box14",
			"from": [ 12, 0, 9 ],
			"to": [ 13, 16, 13 ],
			"faces": {
				"down": { "uv": [ 12, 3, 13, 7 ], "texture": "#texture" },
				"up": { "uv": [ 12, 9, 13, 13 ], "texture": "#texture" },
				"north": { "uv": [ 3, 0, 4, 16 ], "texture": "#texture" },
				"south": { "uv": [ 12, 0, 13, 16 ], "texture": "#texture" },
				"west": { "uv": [ 9, 0, 13, 16 ], "texture": "#texture" },
				"east": { "uv": [ 3, 0, 7, 16 ], "texture": "#texture" }
			}
		},
		{
			"__comment": "Box15",
			"from": [ 9, 0, 10 ],
			"to": [ 10, 16, 12 ],
			"faces": {
				"down": { "uv": [ 9, 4, 10, 6 ], "texture": "#texture" },
				"up": { "uv": [ 9, 10, 10, 12 ], "texture": "#texture" },
				"west": { "uv": [ 10, 0, 12, 16 ], "texture": "#texture" },
				"east": { "uv": [ 4, 0, 6, 16 ], "texture": "#texture" }
			}
		},
		{
			"__comment": "Box16",
			"from": [ 9, 0, 12 ],
			"to": [ 12, 16, 13 ],
			"faces": {
				"down": { "uv": [ 9, 3, 12, 4 ], "texture": "#texture" },
				"up": { "uv": [ 9, 12, 12, 13 ], "texture": "#texture" },
				"north": { "uv": [ 4, 0, 7, 16 ], "texture": "#texture" },
				"south": { "uv": [ 9, 0, 12, 16 ], "texture": "#texture" },
				"west": { "uv": [ 12, 0, 13, 16 ], "texture": "#texture" }
			}
		},
		{
			"__comment": "Box17",
			"from": [ 6, 0, 7 ],
			"to": [ 7, 16, 12 ],
			"faces": {
				"down": { "uv": [ 6, 4, 7, 9 ], "texture": "#texture" },
				"up": { "uv": [ 6, 7, 7, 12 ], "texture": "#texture" },
				"west": { "uv": [ 7, 0, 12, 16 ], "texture": "#texture" },
				"east": { "uv": [ 4, 0, 9, 16 ], "texture": "#texture" }
			}
		},
		{
			"__comment": "Box18",
			"from": [ 3, 0, 12 ],
			"to": [ 7, 16, 13 ],
			"faces": {
				"down": { "uv": [ 3, 3, 7, 4 ], "texture": "#texture" },
				"up": { "uv": [ 3, 12, 7, 13 ], "texture": "#texture" },
				"north": { "uv": [ 9, 0, 13, 16 ], "texture": "#texture" },
				"south": { "uv": [ 3, 0, 7, 16 ], "texture": "#texture" },
				"west": { "uv": [ 12, 0, 13, 16 ], "texture": "#texture" },
				"east": { "uv": [ 3, 0, 4, 16 ], "texture": "#texture" }
			}
		},
		{
			"__comment": "Box19",
			"from": [ 3, 0, 9 ],
			"to": [ 6, 16, 10 ],
			"faces": {
				"down": { "uv": [ 3, 6, 6, 7 ], "texture": "#texture" },
				"up": { "uv": [ 3, 9, 6, 10 ], "texture": "#texture" },
				"north": { "uv": [ 10, 0, 13, 16 ], "texture": "#texture" },
				"south": { "uv": [ 3, 0, 6, 16 ], "texture": "#texture" },
				"west": { "uv": [ 9, 0, 10, 16 ], "texture": "#texture" }
			}
		},
		{
			"__comment": "Box20",
			"from": [ 3, 0, 10 ],
			"to": [ 4, 16, 12 ],
			"faces": {
				"down": { "uv": [ 3, 4, 4, 6 ], "texture": "#texture" },
				"up": { "uv": [ 3, 10, 4, 12 ], "texture": "#texture" },
				"west": { "uv": [ 10, 0, 12, 16 ], "texture": "#texture" },
				"east": { "uv": [ 4, 0, 6, 16 ], "texture": "#texture" }
			}
		},
		{
			"__comment": "Box21",
			"from": [ 0, 3, 3 ],
			"to": [ 16, 7, 4 ],
			"faces": {
				"down": { "uv": [ 0, 12, 16, 13 ], "texture": "#texture" },
				"up": { "uv": [ 0, 3, 16, 4 ], "texture": "#texture" },
				"north": { "uv": [ 0, 9, 16, 13 ], "texture": "#texture" },
				"south": { "uv": [ 0, 9, 16, 13 ], "texture": "#texture" },
				"west": { "uv": [ 3, 9, 4, 13 ], "texture": "#texture" },
				"east": { "uv": [ 12, 9, 13, 13 ], "texture": "#texture" }
			}
		},
		{
			"__comment": "Box22",
			"from": [ 0, 3, 4 ],
			"to": [ 16, 4, 6 ],
			"faces": {
				"down": { "uv": [ 0, 10, 16, 12 ], "texture": "#texture" },
				"up": { "uv": [ 0, 4, 16, 6 ], "texture": "#texture" },
				"west": { "uv": [ 4, 12, 6, 13 ], "texture": "#texture" },
				"east": { "uv": [ 10, 12, 12, 13 ], "texture": "#texture" }
			}
		},
		{
			"__comment": "Box23",
			"from": [ 0, 3, 6 ],
			"to": [ 16, 9, 7 ],
			"faces": {
				"down": { "uv": [ 0, 9, 16, 10 ], "texture": "#texture" },
				"north": { "uv": [ 0, 7, 16, 13 ], "texture": "#texture" },
				"south": { "uv": [ 0, 7, 16, 13 ], "texture": "#texture" },
				"west": { "uv": [ 6, 7, 7, 13 ], "texture": "#texture" },
				"east": { "uv": [ 9, 7, 10, 13 ], "texture": "#texture" }
			}
		},
		{
			"__comment": "Box24",
			"from": [ 0, 6, 4 ],
			"to": [ 16, 7, 6 ],
			"faces": {
				"down": { "uv": [ 0, 10, 16, 12 ], "texture": "#texture" },
				"up": { "uv": [ 0, 4, 16, 6 ], "texture": "#texture" },
				"west": { "uv": [ 4, 9, 6, 10 ], "texture": "#texture" },
				"east": { "uv": [ 10, 9, 12, 10 ], "texture": "#texture" }
			}
		},
		{
			"__comment": "Box25",
			"from": [ 0, 3, 9 ],
			"to": [ 16, 4, 13 ],
			"faces": {
				"down": { "uv": [ 0, 3, 16, 7 ], "texture": "#texture" },
				"up": { "uv": [ 0, 9, 16, 13 ], "texture": "#texture" },
				"north": { "uv": [ 0, 12, 16, 13 ], "texture": "#texture" },
				"south": { "uv": [ 0, 12, 16, 13 ], "texture": "#texture" },
				"west": { "uv": [ 9, 12, 13, 13 ], "texture": "#texture" },
				"east": { "uv": [ 3, 12, 7, 13 ], "texture": "#texture" }
			}
		},
		{
			"__comment": "Box26",
			"from": [ 0, 4, 9 ],
			"to": [ 16, 6, 10 ],
			"faces": {
				"north": { "uv": [ 0, 10, 16, 12 ], "texture": "#texture" },
				"south": { "uv": [ 0, 10, 16, 12 ], "texture": "#texture" },
				"west": { "uv": [ 9, 10, 10, 12 ], "texture": "#texture" },
				"east": { "uv": [ 6, 10, 7, 12 ], "texture": "#texture" }
			}
		},
		{
			"__comment": "Box27",
			"from": [ 0, 4, 12 ],
			"to": [ 16, 6, 13 ],
			"faces": {
				"north": { "uv": [ 0, 10, 16, 12 ], "texture": "#texture" },
				"south": { "uv": [ 0, 10, 16, 12 ], "texture": "#texture" },
				"west": { "uv": [ 12, 10, 13, 12 ], "texture": "#texture" },
				"east": { "uv": [ 3, 10, 4, 12 ], "texture": "#texture" }
			}
		},
		{
			"__comment": "Box28",
			"from": [ 0, 6, 7 ],
			"to": [ 16, 7, 13 ],
			"faces": {
				"down": { "uv": [ 0, 3, 16, 9 ], "texture": "#texture" },
				"up": { "uv": [ 0, 7, 16, 13 ], "texture": "#texture" },
				"south": { "uv": [ 0, 9, 16, 10 ], "texture": "#texture" },
				"west": { "uv": [ 7, 9, 13, 10 ], "texture": "#texture" },
				"east": { "uv": [ 3, 9, 9, 10 ], "texture": "#texture" }
			}
		},
		{
			"__comment": "Box29",
			"from": [ 0, 7, 9 ],
			"to": [ 16, 13, 10 ],
			"faces": {
				"up": { "uv": [ 0, 9, 16, 10 ], "texture": "#texture" },
				"north": { "uv": [ 0, 3, 16, 9 ], "texture": "#texture" },
				"south": { "uv": [ 0, 3, 16, 9 ], "texture": "#texture" },
				"west": { "uv": [ 9, 3, 10, 9 ], "texture": "#texture" },
				"east": { "uv": [ 6, 3, 7, 9 ], "texture": "#texture" }
			}
		},
		{
			"__comment": "Box30",
			"from": [ 0, 9, 10 ],
			"to": [ 16, 10, 13 ],
			"faces": {
				"down": { "uv": [ 0, 3, 16, 6 ], "texture": "#texture" },
				"up": { "uv": [ 0, 10, 16, 13 ], "texture": "#texture" },
				"south": { "uv": [ 0, 6, 16, 7 ], "texture": "#texture" },
				"west": { "uv": [ 10, 6, 13, 7 ], "texture": "#texture" },
				"east": { "uv": [ 3, 6, 6, 7 ], "texture": "#texture" }
			}
		},
		{
			"__comment": "Box31",
			"from": [ 0, 10, 12 ],
			"to": [ 16, 12, 13 ],
			"faces": {
				"north": { "uv": [ 0, 4, 16, 6 ], "texture": "#texture" },
				"south": { "uv": [ 0, 4, 16, 6 ], "texture": "#texture" },
				"west": { "uv": [ 12, 4, 13, 6 ], "texture": "#texture" },
				"east": { "uv": [ 3, 4, 4, 6 ], "texture": "#texture" }
			}
		},
		{
			"__comment": "Box32",
			"from": [ 0, 12, 10 ],
			"to": [ 16, 13, 13 ],
			"faces": {
				"down": { "uv": [ 0, 3, 16, 6 ], "texture": "#texture" },
				"up": { "uv": [ 0, 10, 16, 13 ], "texture": "#texture" },
				"south": { "uv": [ 0, 3, 16, 4 ], "texture": "#texture" },
				"west": { "uv": [ 10, 3, 13, 4 ], "texture": "#texture" },
				"east": { "uv": [ 3, 3, 6, 4 ], "texture": "#texture" }
			}
		},
		{
			"__comment": "Box33",
			"from": [ 0, 9, 4 ],
			"to": [ 16, 10, 9.5 ],
			"faces": {
				"down": { "uv": [ 0, 6.5, 16, 12 ], "texture": "#texture" },
				"up": { "uv": [ 0, 4, 16, 9.5 ], "texture": "#texture" },
				"west": { "uv": [ 4, 6, 9.5, 7 ], "texture": "#texture" },
				"east": { "uv": [ 6.5, 6, 12, 7 ], "texture": "#texture" }
			}
		},
		{
			"__comment": "Box34",
			"from": [ 0, 9, 3 ],
			"to": [ 16, 13, 4 ],
			"faces": {
				"down": { "uv": [ 0, 12, 16, 13 ], "texture": "#texture" },
				"up": { "uv": [ 0, 3, 16, 4 ], "texture": "#texture" },
				"north": { "uv": [ 0, 3, 16, 7 ], "texture": "#texture" },
				"south": { "uv": [ 0, 3, 16, 7 ], "texture": "#texture" },
				"west": { "uv": [ 3, 3, 4, 7 ], "texture": "#texture" },
				"east": { "uv": [ 12, 3, 13, 7 ], "texture": "#texture" }
			}
		},
		{
			"__comment": "Box35",
			"from": [ 0, 10, 6 ],
			"to": [ 16, 13, 7 ],
			"faces": {
				"up": { "uv": [ 0, 6, 16, 7 ], "texture": "#texture" },
				"north": { "uv": [ 0, 3, 16, 6 ], "texture": "#texture" },
				"south": { "uv": [ 0, 3, 16, 6 ], "texture": "#texture" },
				"west": { "uv": [ 6, 3, 7, 6 ], "texture": "#texture" },
				"east": { "uv": [ 9, 3, 10, 6 ], "texture": "#texture" }
			}
		},
		{
			"__comment": "Box36",
			"from": [ 0, 12, 4 ],
			"to": [ 16, 13, 6 ],
			"faces": {
				"down": { "uv": [ 0, 10, 16, 12 ], "texture": "#texture" },
				"up": { "uv": [ 0, 4, 16, 6 ], "texture": "#texture" },
				"west": { "uv": [ 4, 3, 6, 4 ], "texture": "#texture" },
				"east": { "uv": [ 10, 3, 12, 4 ], "texture": "#texture" }
			}
		},
		{
			"__comment": "Box37",
			"from": [ 3, 3, 0 ],
			"to": [ 7, 4, 16 ],
			"faces": {
				"down": { "uv": [ 3, 0, 7, 16 ], "texture": "#texture" },
				"up": { "uv": [ 3, 0, 7, 16 ], "texture": "#texture" },
				"north": { "uv": [ 9, 12, 13, 13 ], "texture": "#texture" },
				"south": { "uv": [ 3, 12, 7, 13 ], "texture": "#texture" },
				"west": { "uv": [ 0, 12, 16, 13 ], "texture": "#texture" },
				"east": { "uv": [ 0, 12, 16, 13 ], "texture": "#texture" }
			}
		},
		{
			"__comment": "Box38",
			"from": [ 3, 4, 0 ],
			"to": [ 4, 6, 16 ],
			"faces": {
				"north": { "uv": [ 12, 10, 13, 12 ], "texture": "#texture" },
				"south": { "uv": [ 3, 10, 4, 12 ], "texture": "#texture" },
				"west": { "uv": [ 0, 10, 16, 12 ], "texture": "#texture" },
				"east": { "uv": [ 0, 10, 16, 12 ], "texture": "#texture" }
			}
		},
		{
			"__comment": "Box39",
			"from": [ 3, 6, 0 ],
			"to": [ 6, 7, 16 ],
			"faces": {
				"down": { "uv": [ 3, 0, 6, 16 ], "texture": "#texture" },
				"up": { "uv": [ 3, 0, 6, 16 ], "texture": "#texture" },
				"north": { "uv": [ 10, 9, 13, 10 ], "texture": "#texture" },
				"south": { "uv": [ 3, 9, 6, 10 ], "texture": "#texture" },
				"west": { "uv": [ 0, 9, 16, 10 ], "texture": "#texture" }
			}
		},
		{
			"__comment": "Box40",
			"from": [ 6, 4, 0 ],
			"to": [ 7, 9, 16 ],
			"faces": {
				"north": { "uv": [ 9, 7, 10, 12 ], "texture": "#texture" },
				"south": { "uv": [ 6, 7, 7, 12 ], "texture": "#texture" },
				"west": { "uv": [ 0, 7, 16, 12 ], "texture": "#texture" },
				"east": { "uv": [ 0, 7, 16, 12 ], "texture": "#texture" }
			}
		},
		{
			"__comment": "Box41",
			"from": [ 9, 3, 0 ],
			"to": [ 13, 4, 16 ],
			"faces": {
				"down": { "uv": [ 9, 0, 13, 16 ], "texture": "#texture" },
				"up": { "uv": [ 9, 0, 13, 16 ], "texture": "#texture" },
				"north": { "uv": [ 3, 12, 7, 13 ], "texture": "#texture" },
				"south": { "uv": [ 9, 12, 13, 13 ], "texture": "#texture" },
				"west": { "uv": [ 0, 12, 16, 13 ], "texture": "#texture" },
				"east": { "uv": [ 0, 12, 16, 13 ], "texture": "#texture" }
			}
		},
		{
			"__comment": "Box42",
			"from": [ 12, 4, 0 ],
			"to": [ 13, 7, 16 ],
			"faces": {
				"up": { "uv": [ 12, 0, 13, 16 ], "texture": "#texture" },
				"north": { "uv": [ 3, 9, 4, 12 ], "texture": "#texture" },
				"south": { "uv": [ 12, 9, 13, 12 ], "texture": "#texture" },
				"west": { "uv": [ 0, 9, 16, 12 ], "texture": "#texture" },
				"east": { "uv": [ 0, 9, 16, 12 ], "texture": "#texture" }
			}
		},
		{
			"__comment": "Box43",
			"from": [ 7, 6, 0 ],
			"to": [ 12, 7, 16 ],
			"faces": {
				"down": { "uv": [ 7, 0, 12, 16 ], "texture": "#texture" },
				"up": { "uv": [ 7, 0, 12, 16 ], "texture": "#texture" },
				"north": { "uv": [ 4, 9, 9, 10 ], "texture": "#texture" },
				"south": { "uv": [ 7, 9, 12, 10 ], "texture": "#texture" }
			}
		},
		{
			"__comment": "Box44",
			"from": [ 9, 4, 0 ],
			"to": [ 10, 6, 16 ],
			"faces": {
				"north": { "uv": [ 6, 10, 7, 12 ], "texture": "#texture" },
				"south": { "uv": [ 9, 10, 10, 12 ], "texture": "#texture" },
				"west": { "uv": [ 0, 10, 16, 12 ], "texture": "#texture" },
				"east": { "uv": [ 0, 10, 16, 12 ], "texture": "#texture" }
			}
		},
		{
			"__comment": "Box45",
			"from": [ 9, 7, 0 ],
			"to": [ 10, 12, 16 ],
			"faces": {
				"north": { "uv": [ 6, 4, 7, 9 ], "texture": "#texture" },
				"south": { "uv": [ 9, 4, 10, 9 ], "texture": "#texture" },
				"west": { "uv": [ 0, 4, 16, 9 ], "texture": "#texture" },
				"east": { "uv": [ 0, 4, 16, 9 ], "texture": "#texture" }
			}
		},
		{
			"__comment": "Box46",
			"from": [ 9, 12, 0 ],
			"to": [ 13, 13, 16 ],
			"faces": {
				"down": { "uv": [ 9, 0, 13, 16 ], "texture": "#texture" },
				"up": { "uv": [ 9, 0, 13, 16 ], "texture": "#texture" },
				"north": { "uv": [ 3, 3, 7, 4 ], "texture": "#texture" },
				"south": { "uv": [ 9, 3, 13, 4 ], "texture": "#texture" },
				"west": { "uv": [ 0, 3, 16, 4 ], "texture": "#texture" },
				"east": { "uv": [ 0, 3, 16, 4 ], "texture": "#texture" }
			}
		},
		{
			"__comment": "Box47",
			"from": [ 10, 9, 0 ],
			"to": [ 13, 10, 16 ],
			"faces": {
				"down": { "uv": [ 10, 0, 13, 16 ], "texture": "#texture" },
				"up": { "uv": [ 10, 0, 13, 16 ], "texture": "#texture" },
				"north": { "uv": [ 3, 6, 6, 7 ], "texture": "#texture" },
				"south": { "uv": [ 10, 6, 13, 7 ], "texture": "#texture" },
				"east": { "uv": [ 0, 6, 16, 7 ], "texture": "#texture" }
			}
		},
		{
			"__comment": "Box48",
			"from": [ 12, 10, 0 ],
			"to": [ 13, 12, 16 ],
			"faces": {
				"north": { "uv": [ 3, 4, 4, 6 ], "texture": "#texture" },
				"south": { "uv": [ 12, 4, 13, 6 ], "texture": "#texture" },
				"west": { "uv": [ 0, 4, 16, 6 ], "texture": "#texture" },
				"east": { "uv": [ 0, 4, 16, 6 ], "texture": "#texture" }
			}
		},
		{
			"__comment": "Box49",
			"from": [ 3, 9, 0 ],
			"to": [ 9, 10, 16 ],
			"faces": {
				"down": { "uv": [ 3, 0, 9, 16 ], "texture": "#texture" },
				"up": { "uv": [ 3, 0, 9, 16 ], "texture": "#texture" },
				"north": { "uv": [ 7, 6, 13, 7 ], "texture": "#texture" },
				"south": { "uv": [ 3, 6, 9, 7 ], "texture": "#texture" },
				"west": { "uv": [ 0, 6, 16, 7 ], "texture": "#texture" }
			}
		},
		{
			"__comment": "Box50",
			"from": [ 3, 10, 0 ],
			"to": [ 4, 12, 16 ],
			"faces": {
				"north": { "uv": [ 12, 4, 13, 6 ], "texture": "#texture" },
				"south": { "uv": [ 3, 4, 4, 6 ], "texture": "#texture" },
				"west": { "uv": [ 0, 4, 16, 6 ], "texture": "#texture" },
				"east": { "uv": [ 0, 4, 16, 6 ], "texture": "#texture" }
			}
		},
		{
			"__comment": "Box51",
			"from": [ 6, 10, 0 ],
			"to": [ 7, 12, 16 ],
			"faces": {
				"north": { "uv": [ 9, 4, 10, 6 ], "texture": "#texture" },
				"south": { "uv": [ 6, 4, 7, 6 ], "texture": "#texture" },
				"west": { "uv": [ 0, 4, 16, 6 ], "texture": "#texture" },
				"east": { "uv": [ 0, 4, 16, 6 ], "texture": "#texture" }
			}
		},
		{
			"__comment": "Box52",
			"from": [ 3, 12, 0 ],
			"to": [ 7, 13, 16 ],
			"faces": {
				"down": { "uv": [ 3, 0, 7, 16 ], "texture": "#texture" },
				"up": { "uv": [ 3, 0, 7, 16 ], "texture": "#texture" },
				"north": { "uv": [ 9, 3, 13, 4 ], "texture": "#texture" },
				"south": { "uv": [ 3, 3, 7, 4 ], "texture": "#texture" },
				"west": { "uv": [ 0, 3, 16, 4 ], "texture": "#texture" },
				"east": { "uv": [ 0, 3, 16, 4 ], "texture": "#texture" }
			}
		},
		{
			"__comment": "Box53",
			"from": [ 0, 1, 0 ],
			"to": [ 1, 15, 1 ],
			"faces": {
				"north": { "uv": [ 15, 1, 16, 15 ], "texture": "#texture" },
				"south": { "uv": [ 0, 1, 1, 15 ], "texture": "#texture" },
				"west": { "uv": [ 0, 1, 1, 15 ], "texture": "#texture" },
				"east": { "uv": [ 15, 1, 16, 15 ], "texture": "#texture" }
			}
		},
		{
			"__comment": "Box54",
			"from": [ 15, 1, 0 ],
			"to": [ 16, 15, 1 ],
			"faces": {
				"north": { "uv": [ 0, 1, 1, 15 ], "texture": "#texture" },
				"south": { "uv": [ 15, 1, 16, 15 ], "texture": "#texture" },
				"west": { "uv": [ 0, 1, 1, 15 ], "texture": "#texture" },
				"east": { "uv": [ 15, 1, 16, 15 ], "texture": "#texture" }
			}
		},
		{
			"__comment": "Box55",
			"from": [ 0, 1, 15 ],
			"to": [ 1, 15, 16 ],
			"faces": {
				"north": { "uv": [ 15, 1, 16, 15 ], "texture": "#texture" },
				"south": { "uv": [ 0, 1, 1, 15 ], "texture": "#texture" },
				"west": { "uv": [ 15, 1, 16, 15 ], "texture": "#texture" },
				"east": { "uv": [ 0, 1, 1, 15 ], "texture": "#texture" }
			}
		},
		{
			"__comment": "Box56",
			"from": [ 15, 1, 15 ],
			"to": [ 16, 15, 16 ],
			"faces": {
				"north": { "uv": [ 0, 1, 1, 15 ], "texture": "#texture" },
				"south": { "uv": [ 15, 1, 16, 15 ], "texture": "#texture" },
				"west": { "uv": [ 15, 1, 16, 15 ], "texture": "#texture" },
				"east": { "uv": [ 0, 1, 1, 15 ], "texture": "#texture" }
			}
		},
		{
			"__comment": "Box57",
			"from": [ 0, 15, 0 ],
			"to": [ 16, 16, 1 ],
			"faces": {
				"down": { "uv": [ 0, 15, 16, 16 ], "texture": "#texture" },
				"up": { "uv": [ 0, 0, 16, 1 ], "texture": "#texture" },
				"north": { "uv": [ 0, 0, 16, 1 ], "texture": "#texture" },
				"south": { "uv": [ 0, 0, 16, 1 ], "texture": "#texture" },
				"west": { "uv": [ 0, 0, 1, 1 ], "texture": "#texture" },
				"east": { "uv": [ 15, 0, 16, 1 ], "texture": "#texture" }
			}
		},
		{
			"__comment": "Box58",
			"from": [ 0, 15, 15 ],
			"to": [ 16, 16, 16 ],
			"faces": {
				"down": { "uv": [ 0, 0, 16, 1 ], "texture": "#texture" },
				"up": { "uv": [ 0, 15, 16, 16 ], "texture": "#texture" },
				"north": { "uv": [ 0, 0, 16, 1 ], "texture": "#texture" },
				"south": { "uv": [ 0, 0, 16, 1 ], "texture": "#texture" },
				"west": { "uv": [ 15, 0, 16, 1 ], "texture": "#texture" },
				"east": { "uv": [ 0, 0, 1, 1 ], "texture": "#texture" }
			}
		},
		{
			"__comment": "Box59",
			"from": [ 0, 15, 1 ],
			"to": [ 1, 16, 15 ],
			"faces": {
				"down": { "uv": [ 0, 1, 1, 15 ], "texture": "#texture" },
				"up": { "uv": [ 0, 1, 1, 15 ], "texture": "#texture" },
				"west": { "uv": [ 1, 0, 15, 1 ], "texture": "#texture" },
				"east": { "uv": [ 1, 0, 15, 1 ], "texture": "#texture" }
			}
		},
		{
			"__comment": "Box60",
			"from": [ 15, 15, 1 ],
			"to": [ 16, 16, 15 ],
			"faces": {
				"down": { "uv": [ 15, 1, 16, 15 ], "texture": "#texture" },
				"up": { "uv": [ 15, 1, 16, 15 ], "texture": "#texture" },
				"west": { "uv": [ 1, 0, 15, 1 ], "texture": "#texture" },
				"east": { "uv": [ 1, 0, 15, 1 ], "texture": "#texture" }
			}
		},
		{
			"__comment": "Box61",
			"from": [ 0.5, 0.5, 0.5 ],
			"to": [ 15.5, 15.5, 15.5 ],
			"faces": {
				"down": { "uv": [ 0.5, 0.5, 15.5, 15.5 ], "texture": "#texture" },
				"up": { "uv": [ 0.5, 0.5, 15.5, 15.5 ], "texture": "#texture" },
				"north": { "uv": [ 0.5, 0.5, 15.5, 15.5 ], "texture": "#texture" },
				"south": { "uv": [ 0.5, 0.5, 15.5, 15.5 ], "texture": "#texture" },
				"west": { "uv": [ 0.5, 0.5, 15.5, 15.5 ], "texture": "#texture" },
				"east": { "uv": [ 0.5, 0.5, 15.5, 15.5 ], "texture": "#texture" }
			}
		}
	]
}