{
	"__comment": "Designed by Jehkoba with BDcraft Cubik PRO 0.93 Beta - http://bdcraft.net",
	"parent": "block/block",
	"textures": {
		"particle": "block/crafting_table_front",
		"Top": "block/crafting_table_top",
		"Front": "block/crafting_table_front",
		"Side": "block/crafting_table_side",
		"Bottom": "block/crafting_table_bottom"
	},
	"elements": [ 	 
		{
			"from": [ 1, 1, 1 ],
			"to": [ 15, 15, 15 ],
			"shade": false,
			"faces": {
				"north": { "uv": [ 1, 1, 15, 15 ], "texture": "#Front" },
				"south": { "uv": [ 1, 1, 15, 15 ], "texture": "#Front" },
				"west": { "uv": [ 15, 1, 1, 15 ], "texture": "#Side" },
				"east": { "uv": [ 15, 1, 1, 15 ], "texture": "#Side" }
			}
		},
		{
			"from": [ 0, 1, 0 ],
			"to": [ 1, 15, 1 ],
			"shade": false,
			"faces": {
				"north": { "uv": [ 0, 1, 1, 15 ], "texture": "#Front" },
				"south": { "uv": [ 0, 1, 1, 15 ], "texture": "#Front" },
				"west": { "uv": [ 0, 1, 1, 15 ], "texture": "#Front" },
				"east": { "uv": [ 0, 1, 1, 15 ], "texture": "#Front" }
			}
		},
		{
			"from": [ 15, 1, 0 ],
			"to": [ 16, 15, 1 ],
			"shade": false,
			"faces": {
				"north": { "uv": [ 0, 1, 1, 15 ], "texture": "#Front" },
				"south": { "uv": [ 0, 1, 1, 15 ], "texture": "#Front" },
				"west": { "uv": [ 0, 1, 1, 15 ], "texture": "#Front" },
				"east": { "uv": [ 0, 1, 1, 15 ], "texture": "#Front" }
			}
		},
		{
			"from": [ 0, 1, 15 ],
			"to": [ 1, 15, 16 ],
			"shade": false,
			"faces": {
				"north": { "uv": [ 0, 1, 1, 15 ], "texture": "#Front" },
				"south": { "uv": [ 0, 1, 1, 15 ], "texture": "#Front" },
				"west": { "uv": [ 0, 1, 1, 15 ], "texture": "#Front" },
				"east": { "uv": [ 0, 1, 1, 15 ], "texture": "#Front" }
			}
		},
		{
			"from": [ 15, 1, 15 ],
			"to": [ 16, 15, 16 ],
			"shade": false,
			"faces": {
				"north": { "uv": [ 0, 1, 1, 15 ], "texture": "#Front" },
				"south": { "uv": [ 0, 1, 1, 15 ], "texture": "#Front" },
				"west": { "uv": [ 0, 1, 1, 15 ], "texture": "#Front" },
				"east": { "uv": [ 0, 1, 1, 15 ], "texture": "#Front" }
			}
		},
		{
			"from": [ 0, 0, 0 ],
			"to": [ 16, 1, 16 ],
			"shade": false,
			"faces": {
				"down": { "uv": [ 0, 0, 16, 16 ], "texture": "#Bottom" },
				"up": { "uv": [ 0, 0, 16, 16 ], "texture": "#Top" },
				"north": { "uv": [ 0, 15, 16, 16 ], "texture": "#Front" },
				"south": { "uv": [ 16, 15, 0, 16 ], "texture": "#Front" },
				"west": { "uv": [ 0, 15, 16, 16 ], "texture": "#Side" },
				"east": { "uv": [ 16, 15, 0, 16 ], "texture": "#Side" }
			}
		},
		{
			"from": [ 0, 15, 0 ],
			"to": [ 16, 16, 16 ],
			"shade": false,
			"faces": {
				"down": { "uv": [ 0, 0, 16, 16 ], "texture": "#Top" },
				"up": { "uv": [ 0, 0, 16, 16 ], "texture": "#Top" },
				"north": { "uv": [ 0, 0, 16, 1 ], "texture": "#Top" },
				"south": { "uv": [ 0, 0, 16, 1 ], "texture": "#Top" },
				"west": { "uv": [ 0, 0, 16, 1 ], "texture": "#Top" },
				"east": { "uv": [ 0, 0, 16, 1 ], "texture": "#Top" }
			}
		},
		{
			"from": [ 0.4632, 16, 0.4632 ],
			"to": [ 15.4632, 16.25, 15.4632 ],
			"shade": false,
			"faces": {
				"up": { "uv": [ 1, 1, 15, 15 ], "texture": "#Top" },
				"north": { "uv": [ 1, 0, 15, 0.75 ], "texture": "#Top" },
				"south": { "uv": [ 1, 0, 15, 0.75 ], "texture": "#Top" },
				"west": { "uv": [ 1, 0, 15, 0.75 ], "texture": "#Top" },
				"east": { "uv": [ 1, 0, 15, 0.75 ], "texture": "#Top" }
			}
		}
	]
}