{
	"__comment": "Designed by Jehkoba with Cubik Studio - https://cubik.studio",
	"parent": "block/block",
	"textures": {
		"particle": "block/crimson_trapdoor",
		"texture": "block/crimson_trapdoor"
	},
	"elements": [ 	 
		{
			"__comment": "Slat1",
			"from": [ 3, 14.5, 4 ],
			"to": [ 13, 15.5, 6 ],
			"faces": {
				"down": { "uv": [ 3, 7, 13, 9 ], "texture": "#texture" },
				"up": { "uv": [ 3, 7, 13, 9 ], "texture": "#texture" },
				"north": { "uv": [ 3, 14.5, 13, 15.5 ], "texture": "#texture" },
				"south": { "uv": [ 3, 9, 13, 7 ], "texture": "#texture" }
			}
		},
		{
			"__comment": "Slat3",
			"from": [ 3, 14.5, 7 ],
			"to": [ 13, 15.5, 9 ],
			"faces": {
				"down": { "uv": [ 3, 7, 13, 9 ], "texture": "#texture" },
				"up": { "uv": [ 3, 7, 13, 9 ], "texture": "#texture" },
				"north": { "uv": [ 3, 10, 13, 12 ], "texture": "#texture" },
				"south": { "uv": [ 3, 14, 13, 16 ], "texture": "#texture" }
			}
		},
		{
			"__comment": "Slat3",
			"from": [ 3, 14.5, 10 ],
			"to": [ 13, 15.5, 12 ],
			"faces": {
				"down": { "uv": [ 3, 7, 13, 9 ], "texture": "#texture" },
				"up": { "uv": [ 3, 7, 13, 9 ], "texture": "#texture" },
				"north": { "uv": [ 3, 10, 13, 12 ], "texture": "#texture" },
				"south": { "uv": [ 3, 14.5, 13, 15.5 ], "texture": "#texture" }
			}
		},
		{
			"__comment": "Frame1",
			"from": [ 0, 14, 0 ],
			"to": [ 13, 16, 3 ],
			"faces": {
				"down": { "uv": [ 0, 13, 13, 16 ], "texture": "#texture" },
				"up": { "uv": [ 0, 0, 13, 3 ], "texture": "#texture" },
				"north": { "uv": [ 3, 14, 16, 16 ], "texture": "#texture" },
				"south": { "uv": [ 0, 14, 13, 16 ], "texture": "#texture" },
				"west": { "uv": [ 0, 14, 3, 16 ], "texture": "#texture" }
			}
		},
		{
			"__comment": "Frame2",
			"from": [ 13, 14, 0 ],
			"to": [ 16, 16, 13 ],
			"faces": {
				"down": { "uv": [ 13, 3, 16, 16 ], "texture": "#texture" },
				"up": { "uv": [ 13, 0, 16, 13 ], "texture": "#texture" },
				"north": { "uv": [ 0, 14, 3, 16 ], "texture": "#texture" },
				"west": { "uv": [ 0, 14, 13, 16 ], "texture": "#texture" },
				"east": { "uv": [ 3, 14, 16, 16 ], "texture": "#texture" }
			}
		},
		{
			"__comment": "Frame3",
			"from": [ 3, 14, 13 ],
			"to": [ 16, 16, 16 ],
			"faces": {
				"down": { "uv": [ 3, 0, 16, 3 ], "texture": "#texture" },
				"up": { "uv": [ 3, 13, 16, 16 ], "texture": "#texture" },
				"north": { "uv": [ 0, 14, 13, 16 ], "texture": "#texture" },
				"south": { "uv": [ 3, 14, 16, 16 ], "texture": "#texture" },
				"east": { "uv": [ 0, 14, 3, 16 ], "texture": "#texture" }
			}
		},
		{
			"__comment": "Frame4",
			"from": [ 0, 14, 3 ],
			"to": [ 3, 16, 16 ],
			"faces": {
				"down": { "uv": [ 0, 0, 3, 13 ], "texture": "#texture" },
				"up": { "uv": [ 0, 3, 3, 16 ], "texture": "#texture" },
				"south": { "uv": [ 0, 14, 3, 16 ], "texture": "#texture" },
				"west": { "uv": [ 3, 14, 16, 16 ], "texture": "#texture" },
				"east": { "uv": [ 0, 14, 13, 16 ], "texture": "#texture" }
			}
		}
	]
}