{
	"__comment": "Designed by Jehkoba with Cubik Studio - https://cubik.studio",
	"parent": "block/block",
	"ambientocclusion": false,
	"textures": {
		"particle": "block/dark_oak_fence",
		"texture": "block/dark_oak_fence"
	},
	"elements": [ 	 
		{
			"__comment": "Box5",
			"from": [ 6, 0, 12 ],
			"to": [ 10, 16, 16 ],
			"faces": {
				"down": { "uv": [ 6, 6, 10, 10 ], "texture": "#texture" },
				"up": { "uv": [ 6, 6, 10, 10 ], "texture": "#texture" },
				"north": { "uv": [ 6, 0, 10, 16 ], "texture": "#texture" },
				"south": { "uv": [ 6, 0, 10, 16 ], "texture": "#texture" },
				"west": { "uv": [ 6, 0, 10, 16 ], "texture": "#texture" },
				"east": { "uv": [ 6, 0, 10, 16 ], "texture": "#texture" }
			}
		},
		{
			"__comment": "Box5",
			"from": [ 6, 0, 0 ],
			"to": [ 10, 16, 4 ],
			"faces": {
				"down": { "uv": [ 6, 6, 10, 10 ], "texture": "#texture" },
				"up": { "uv": [ 6, 6, 10, 10 ], "texture": "#texture" },
				"north": { "uv": [ 6, 0, 10, 16 ], "texture": "#texture" },
				"south": { "uv": [ 6, 0, 10, 16 ], "texture": "#texture" },
				"west": { "uv": [ 6, 0, 10, 16 ], "texture": "#texture" },
				"east": { "uv": [ 6, 0, 10, 16 ], "texture": "#texture" }
			}
		},
		{
			"__comment": "Box11",
			"from": [ 6.5, 0.5, 8 ],
			"to": [ 9.5, 7.5, 12 ],
			"faces": {
				"down": { "uv": [ 7, 10, 10, 14 ], "texture": "#texture" },
				"up": { "uv": [ 7, 2, 10, 6 ], "texture": "#texture" },
				"north": { "uv": [ 6, 8, 9, 15 ], "texture": "#texture" },
				"south": { "uv": [ 7, 8, 10, 15 ], "texture": "#texture" },
				"west": { "uv": [ 2, 8, 6, 15 ], "texture": "#texture" },
				"east": { "uv": [ 10, 8, 14, 15 ], "texture": "#texture" }
			}
		},
		{
			"__comment": "Box11",
			"from": [ 6.5, 8.5, 8 ],
			"to": [ 9.5, 15.5, 12 ],
			"faces": {
				"down": { "uv": [ 7, 10, 10, 14 ], "texture": "#texture" },
				"up": { "uv": [ 7, 2, 10, 6 ], "texture": "#texture" },
				"north": { "uv": [ 6, 8, 9, 15 ], "texture": "#texture" },
				"south": { "uv": [ 7, 8, 10, 15 ], "texture": "#texture" },
				"west": { "uv": [ 2, 8, 6, 15 ], "texture": "#texture" },
				"east": { "uv": [ 10, 8, 14, 15 ], "texture": "#texture" }
			}
		},
		{
			"__comment": "Box14",
			"from": [ 6.5, 0.5, 4 ],
			"to": [ 9.5, 7.5, 8 ],
			"faces": {
				"down": { "uv": [ 7, 2, 10, 6 ], "texture": "#texture" },
				"up": { "uv": [ 7, 10, 10, 14 ], "texture": "#texture" },
				"north": { "uv": [ 6, 8, 9, 15 ], "texture": "#texture" },
				"south": { "uv": [ 7, 8, 10, 15 ], "texture": "#texture" },
				"west": { "uv": [ 10, 8, 14, 15 ], "texture": "#texture" },
				"east": { "uv": [ 2, 8, 6, 15 ], "texture": "#texture" }
			}
		},
		{
			"__comment": "Box14",
			"from": [ 6.5, 8.5, 4 ],
			"to": [ 9.5, 15.5, 8 ],
			"faces": {
				"down": { "uv": [ 7, 2, 10, 6 ], "texture": "#texture" },
				"up": { "uv": [ 7, 10, 10, 14 ], "texture": "#texture" },
				"north": { "uv": [ 6, 8, 9, 15 ], "texture": "#texture" },
				"south": { "uv": [ 7, 8, 10, 15 ], "texture": "#texture" },
				"west": { "uv": [ 10, 8, 14, 15 ], "texture": "#texture" },
				"east": { "uv": [ 2, 8, 6, 15 ], "texture": "#texture" }
			}
		},
		{
			"__comment": "Box18",
			"from": [ 6.5, 8.5, -2 ],
			"to": [ 9.5, 15.5, 0 ],
			"faces": {
				"down": { "uv": [ 6.5, 10, 9.5, 12 ], "texture": "#texture" },
				"up": { "uv": [ 6.5, 4, 9.5, 6 ], "texture": "#texture" },
				"north": { "uv": [ 6.5, 8, 9.5, 15 ], "texture": "#texture" },
				"south": { "uv": [ 6.5, 8, 9.5, 15 ], "texture": "#texture" },
				"west": { "uv": [ 4, 8, 6, 15 ], "texture": "#texture" },
				"east": { "uv": [ 10, 8, 12, 15 ], "texture": "#texture" }
			}
		},
		{
			"__comment": "Box18",
			"from": [ 6.5, 0.5, -2 ],
			"to": [ 9.5, 7.5, 0 ],
			"faces": {
				"down": { "uv": [ 6.5, 10, 9.5, 12 ], "texture": "#texture" },
				"up": { "uv": [ 6.5, 4, 9.5, 6 ], "texture": "#texture" },
				"north": { "uv": [ 6.5, 8, 9.5, 15 ], "texture": "#texture" },
				"south": { "uv": [ 6.5, 8, 9.5, 15 ], "texture": "#texture" },
				"west": { "uv": [ 4, 8, 6, 15 ], "texture": "#texture" },
				"east": { "uv": [ 10, 8, 12, 15 ], "texture": "#texture" }
			}
		},
		{
			"__comment": "Box21",
			"from": [ 6.5, 0.5, 16 ],
			"to": [ 9.5, 7.5, 18 ],
			"faces": {
				"down": { "uv": [ 7, 4, 10, 6 ], "texture": "#texture" },
				"up": { "uv": [ 7, 10, 10, 12 ], "texture": "#texture" },
				"north": { "uv": [ 6, 8, 9, 15 ], "texture": "#texture" },
				"south": { "uv": [ 7, 8, 10, 15 ], "texture": "#texture" },
				"west": { "uv": [ 10, 8, 12, 15 ], "texture": "#texture" },
				"east": { "uv": [ 4, 8, 6, 15 ], "texture": "#texture" }
			}
		},
		{
			"__comment": "Box21",
			"from": [ 6.5, 8.5, 16 ],
			"to": [ 9.5, 15.5, 18 ],
			"faces": {
				"down": { "uv": [ 7, 4, 10, 6 ], "texture": "#texture" },
				"up": { "uv": [ 7, 10, 10, 12 ], "texture": "#texture" },
				"north": { "uv": [ 6, 8, 9, 15 ], "texture": "#texture" },
				"south": { "uv": [ 7, 8, 10, 15 ], "texture": "#texture" },
				"west": { "uv": [ 10, 8, 12, 15 ], "texture": "#texture" },
				"east": { "uv": [ 4, 8, 6, 15 ], "texture": "#texture" }
			}
		}
	],
	"display": {
		"gui": {
			"rotation":  [ 30, 135, 0 ],
			"scale":  [ 0.625, 0.625, 0.625 ]
		},
		"fixed": {
			"rotation":  [ 0, 90, 0 ],
			"scale":  [ 0.5, 0.5, 0.5 ]
		}
	}
}