{
	"__comment": "Designed by Jehkoba with Cubik Studio - https://cubik.studio",
	"parent": "block/block",
	"textures": {
		"particle": "block/dark_oak_trapdoor",
		"texture": "block/dark_oak_trapdoor"
	},
	"elements": [ 	 
		{
			"__comment": "Box1",
			"from": [ 0, 13, 0 ],
			"to": [ 16, 16, 4 ],
			"faces": {
				"down": { "uv": [ 0, 12, 16, 16 ], "texture": "#texture" },
				"up": { "uv": [ 0, 0, 16, 4 ], "texture": "#texture" },
				"north": { "uv": [ 16, 13, 0, 16 ], "texture": "#texture" },
				"south": { "uv": [ 0, 13, 16, 16 ], "texture": "#texture" },
				"west": { "uv": [ 0, 13, 4, 16 ], "texture": "#texture" },
				"east": { "uv": [ 4, 13, 0, 16 ], "texture": "#texture" }
			}
		},
		{
			"__comment": "Box2",
			"from": [ 0, 13, 4 ],
			"to": [ 4, 16, 12 ],
			"faces": {
				"down": { "uv": [ 0, 4, 4, 12 ], "texture": "#texture" },
				"up": { "uv": [ 0, 4, 4, 12 ], "texture": "#texture" },
				"west": { "uv": [ 4, 13, 12, 16 ], "texture": "#texture" },
				"east": { "uv": [ 4, 13, 12, 16 ], "texture": "#texture" }
			}
		},
		{
			"__comment": "Box3",
			"from": [ 0, 13, 12 ],
			"to": [ 16, 16, 16 ],
			"faces": {
				"down": { "uv": [ 0, 0, 16, 4 ], "texture": "#texture" },
				"up": { "uv": [ 0, 12, 16, 16 ], "texture": "#texture" },
				"north": { "uv": [ 0, 13, 16, 16 ], "texture": "#texture" },
				"south": { "uv": [ 0, 13, 16, 16 ], "texture": "#texture" },
				"west": { "uv": [ 12, 13, 16, 16 ], "texture": "#texture" },
				"east": { "uv": [ 16, 13, 12, 16 ], "texture": "#texture" }
			}
		},
		{
			"__comment": "Box4",
			"from": [ 12, 13, 4 ],
			"to": [ 16, 16, 12 ],
			"faces": {
				"down": { "uv": [ 12, 4, 16, 12 ], "texture": "#texture" },
				"up": { "uv": [ 12, 4, 16, 12 ], "texture": "#texture" },
				"west": { "uv": [ 4, 13, 12, 16 ], "texture": "#texture" },
				"east": { "uv": [ 12, 13, 4, 16 ], "texture": "#texture" }
			}
		},
		{
			"__comment": "Box5",
			"from": [ 4, 14, 4 ],
			"to": [ 12, 15, 12 ],
			"faces": {
				"down": { "uv": [ 4, 4, 12, 12 ], "texture": "#texture" },
				"up": { "uv": [ 4, 4, 12, 12 ], "texture": "#texture" }
			}
		}
	]
}