{
	"__comment": "Designed by Jehkoba with Cubik Studio - https://cubik.studio",
	"textures": {
		"particle": "block/dark_oak_fence",
		"texture": "block/dark_oak_fence"
	},
	"elements": [ 	 
		{
			"__comment": "Box2",
			"from": [ 6.5, 4, 0 ],
			"to": [ 9.5, 10, 6 ],
			"faces": {
				"down": { "uv": [ 13, 7, 16, 1 ], "texture": "#texture" },
				"north": { "uv": [ 6, 9, 9, 16 ], "texture": "#texture" },
				"south": { "uv": [ 7, 9, 10, 16 ], "texture": "#texture" },
				"west": { "uv": [ 0, 9, 6, 15 ], "texture": "#texture" },
				"east": { "uv": [ 10, 9, 16, 15 ], "texture": "#texture" }
			}
		},
		{
			"__comment": "Box3",
			"from": [ 6.5, 10, 0 ],
			"to": [ 9.5, 16, 6 ],
			"faces": {
				"up": { "uv": [ 0, 9, 3, 15 ], "texture": "#texture" },
				"north": { "uv": [ 6, 2, 9, 9 ], "texture": "#texture" },
				"south": { "uv": [ 7, 2, 10, 9 ], "texture": "#texture" },
				"west": { "uv": [ 0, 1, 6, 7 ], "texture": "#texture" },
				"east": { "uv": [ 10, 1, 16, 7 ], "texture": "#texture" }
			}
		}
	]
}