{
	"__comment": "Designed by Jehkoba with Cubik Studio - https://cubik.studio",
	"parent": "block/block",
	"textures": {
		"particle": "block/dark_oak_fence",
		"texture": "block/dark_oak_fence"
	},
	"elements": [ 	 
		{
			"__comment": "Left-hand post",
			"from": [ 0, 4, 6.5 ],
			"to": [ 2, 16, 9.5 ],
			"faces": {
				"down": { "uv": [ 7, 11, 9, 14 ], "texture": "#texture" },
				"up": { "uv": [ 7, 11, 9, 14 ], "texture": "#texture" },
				"north": { "uv": [ 8, 2, 6, 14 ], "texture": "#texture" },
				"south": { "uv": [ 8, 2, 6, 14 ], "texture": "#texture" },
				"west": { "uv": [ 6, 13, 9, 1 ], "texture": "#texture", "cullface": "west" },
				"east": { "uv": [ 6, 13, 9, 1 ], "texture": "#texture" }
			}
		},
		{
			"__comment": "Right-hand post",
			"from": [ 14, 4, 6.5 ],
			"to": [ 16, 16, 9.5 ],
			"faces": {
				"down": { "uv": [ 7, 11, 9, 14 ], "texture": "#texture" },
				"up": { "uv": [ 7, 11, 9, 14 ], "texture": "#texture" },
				"north": { "uv": [ 8, 2, 6, 14 ], "texture": "#texture" },
				"south": { "uv": [ 8, 2, 6, 14 ], "texture": "#texture" },
				"west": { "uv": [ 6, 13, 9, 1 ], "texture": "#texture" },
				"east": { "uv": [ 6, 13, 9, 1 ], "texture": "#texture", "cullface": "east" }
			}
		},
		{
			"__comment": "Inner vertical post of left-hand gate door",
			"from": [ 0, 4, 13.5 ],
			"to": [ 2, 16, 15.5 ],
			"faces": {
				"down": { "uv": [ 7, 0, 9, 2 ], "texture": "#texture" },
				"up": { "uv": [ 7, 0, 9, 2 ], "texture": "#texture" },
				"north": { "uv": [ 8, 2, 6, 16 ], "texture": "#texture" },
				"south": { "uv": [ 8, 2, 6, 16 ], "texture": "#texture" },
				"west": { "uv": [ 6, 2, 8, 16 ], "texture": "#texture" },
				"east": { "uv": [ 7, 0, 9, 12 ], "texture": "#texture" }
			}
		},
		{
			"__comment": "Inner vertical post of right-hand gate door",
			"from": [ 14, 4, 13.5 ],
			"to": [ 16, 16, 15.5 ],
			"faces": {
				"down": { "uv": [ 7, 0, 9, 2 ], "texture": "#texture" },
				"up": { "uv": [ 7, 0, 9, 2 ], "texture": "#texture" },
				"north": { "uv": [ 8, 2, 6, 16 ], "texture": "#texture" },
				"south": { "uv": [ 8, 2, 6, 16 ], "texture": "#texture" },
				"west": { "uv": [ 7, 0, 9, 12 ], "texture": "#texture" },
				"east": { "uv": [ 6, 2, 8, 16 ], "texture": "#texture" }
			}
		},
		{
			"__comment": "Upper horizontal bar of left-hand gate door",
			"from": [ 14.5, 4, 9.5 ],
			"to": [ 15.5, 10, 13.5 ],
			"faces": {
				"down": { "uv": [ 2, 8, 6, 9 ], "texture": "#texture", "rotation": 270 },
				"west": { "uv": [ 2, 9, 6, 15 ], "texture": "#texture" },
				"east": { "uv": [ 10, 9, 14, 15 ], "texture": "#texture" }
			}
		},
		{
			"__comment": "Upper horizontal bar of right-hand gate door",
			"from": [ 0.5, 4, 9.5 ],
			"to": [ 1.5, 10, 13.5 ],
			"faces": {
				"down": { "uv": [ 10, 8, 14, 9 ], "texture": "#texture", "rotation": 90 },
				"west": { "uv": [ 2, 9, 6, 15 ], "texture": "#texture" },
				"east": { "uv": [ 10, 9, 14, 15 ], "texture": "#texture" }
			}
		},
		{
			"__comment": "Upper horizontal bar of left-hand gate door",
			"from": [ 14.5, 10, 9.5 ],
			"to": [ 15.5, 16, 13.5 ],
			"faces": {
				"up": { "uv": [ 2, 7, 6, 8 ], "texture": "#texture", "rotation": 90 },
				"west": { "uv": [ 2, 1, 6, 7 ], "texture": "#texture" },
				"east": { "uv": [ 10, 1, 14, 7 ], "texture": "#texture" }
			}
		},
		{
			"__comment": "Upper horizontal bar of right-hand gate door",
			"from": [ 0.5, 10, 9.5 ],
			"to": [ 1.5, 16, 13.5 ],
			"faces": {
				"up": { "uv": [ 10, 7, 14, 8 ], "texture": "#texture", "rotation": 270 },
				"west": { "uv": [ 2, 1, 6, 7 ], "texture": "#texture" },
				"east": { "uv": [ 10, 1, 14, 7 ], "texture": "#texture" }
			}
		}
	],
	"display": {
		"gui": {
			"rotation":  [ 30, 45, 0 ],
			"translation":  [ 0, -1, 0 ],
			"scale":  [ 0.8, 0.8, 0.8 ]
		},
		"head": {
			"translation":  [ 0, -3, -6 ]
		}
	}
}