{
"__comment": "Designed by Jehkoba with BDcraft Cubik PRO 0.87 Beta - http://bdcraft.net",
"parent": "block/block", 
"textures": {
    "particle": "block/rail",
    "texture": "block/rail",
    "rail_detector": "block/detector_rail_on"
},
"elements": [ 
{
    "from": [ 2, 0.5, -0.5 ],
    "to": [ 4, 1.5, 23 ],
    "rotation": { "origin": [ 2, 1.5, -0.5 ], "axis": "x", "angle": -45 },
    "faces": {
        "down":  { "uv": [ 14, 16, 12, 0 ], "texture": "#texture" },
        "up":    { "uv": [ 2, 0, 4, 16 ], "texture": "#texture" },
        "north": { "uv": [ 12, 14, 14, 15 ], "texture": "#texture" },
        "south": { "uv": [ 2, 14, 4, 15 ], "texture": "#texture" },
        "west":  { "uv": [ 2, 1, 3, 2 ], "texture": "#texture" },
        "east":  { "uv": [ 3, 1, 4, 2 ], "texture": "#texture" }
    }
},
{
    "from": [ 12, 0.5, -0.5 ],
    "to": [ 14, 1.5, 23 ],
    "rotation": { "origin": [ 12, 1.5, -0.5 ], "axis": "x", "angle": -45 },
    "faces": {
        "down":  { "uv": [ 4, 16, 2, 0 ], "texture": "#texture" },
        "up":    { "uv": [ 12, 0, 14, 16 ], "texture": "#texture" },
        "north": { "uv": [ 2, 14, 4, 15 ], "texture": "#texture" },
        "south": { "uv": [ 12, 14, 14, 15 ], "texture": "#texture" },
        "west":  { "uv": [ 3, 14, 4, 15 ], "texture": "#texture" },
        "east":  { "uv": [ 2, 14, 3, 15 ], "texture": "#texture" }
    }
},
{
    "from": [ 1, 12, 12.5 ],
    "to": [ 15, 13, 15.5 ],
    "rotation": { "origin": [ 1, 13, 12.5 ], "axis": "x", "angle": -45 },
    "faces": {
        "down":  { "uv": [ 12, 15, 4, 12 ], "texture": "#texture" },
        "up":    { "uv": [ 4, 12, 12, 15 ], "texture": "#texture" },
        "north": { "uv": [ 4, 13, 12, 14 ], "texture": "#texture" },
        "south": { "uv": [ 4, 13, 12, 14 ], "texture": "#texture" },
        "west":  { "uv": [ 8, 13, 11, 14 ], "texture": "#texture" },
        "east":  { "uv": [ 9, 13, 12, 14 ], "texture": "#texture" }
    }
},
{
    "from": [ 1, 7, 7.5 ],
    "to": [ 15, 8, 10.5 ],
    "rotation": { "origin": [ 1, 8, 7.5 ], "axis": "x", "angle": -45 },
    "faces": {
        "down":  { "uv": [ 12, 10, 4, 7 ], "texture": "#texture" },
        "up":    { "uv": [ 4, 7, 12, 10 ], "texture": "#texture" },
        "north": { "uv": [ 4, 8, 12, 9 ], "texture": "#texture" },
        "south": { "uv": [ 4, 8, 12, 9 ], "texture": "#texture" },
        "west":  { "uv": [ 8, 8, 11, 9 ], "texture": "#texture" },
        "east":  { "uv": [ 9, 3, 12, 4 ], "texture": "#texture" }
    }
},
{
    "from": [ 1, 2, 2.5 ],
    "to": [ 15, 3, 5.5 ],
    "rotation": { "origin": [ 1, 3, 2.5 ], "axis": "x", "angle": -45 },
    "faces": {
        "down":  { "uv": [ 12, 5, 4, 2 ], "texture": "#texture" },
        "up":    { "uv": [ 4, 2, 12, 5 ], "texture": "#texture" },
        "north": { "uv": [ 4, 3, 12, 4 ], "texture": "#texture" },
        "south": { "uv": [ 4, 3, 12, 4 ], "texture": "#texture" },
        "west":  { "uv": [ 9, 3, 12, 4 ], "texture": "#texture" },
        "east":  { "uv": [ 8, 3, 11, 4 ], "texture": "#texture" }
    }
},
{
    "from": [ 6, 7, 6 ],
    "to": [ 10, 8, 13 ],
    "rotation": { "origin": [ 6, 8, 6 ], "axis": "x", "angle": -45 },
    "faces": {
        "down":  { "uv": [ 10, 12, 6, 5 ], "texture": "#rail_detector" },
        "up":    { "uv": [ 6, 12, 10, 5 ], "texture": "#rail_detector" },
        "north": { "uv": [ 10, 11, 6, 12 ], "texture": "#rail_detector" },
        "south": { "uv": [ 6, 5, 10, 6 ], "texture": "#rail_detector" },
        "west":  { "uv": [ 5, 6, 6, 7 ], "texture": "#rail_detector" },
        "east":  { "uv": [ 11, 7, 12, 8 ], "texture": "#rail_detector" }
    }
},
{
    "from": [ 10, 7.6875, 6.6875 ],
    "to": [ 11, 8.6875, 11.6875 ],
    "rotation": { "origin": [ 10, 8.6875, 6.6875 ], "axis": "x", "angle": -45 },
    "faces": {
        "down":  { "uv": [ 6, 11, 5, 6 ], "texture": "#rail_detector" },
        "up":    { "uv": [ 5, 11, 6, 6 ], "texture": "#rail_detector" },
        "north": { "uv": [ 6, 10, 5, 11 ], "texture": "#rail_detector" },
        "south": { "uv": [ 5, 6, 6, 7 ], "texture": "#rail_detector" },
        "west":  { "uv": [ 5, 6, 6, 7 ], "texture": "#rail_detector" },
        "east":  { "uv": [ 5, 10, 6, 11 ], "texture": "#rail_detector" }
    }
},
{
    "from": [ 11, 8.4375, 7.375 ],
    "to": [ 12, 9.4375, 10.375 ],
    "rotation": { "origin": [ 11, 9.4375, 7.375 ], "axis": "x", "angle": -45 },
    "faces": {
        "down":  { "uv": [ 5, 10, 4, 7 ], "texture": "#rail_detector" },
        "up":    { "uv": [ 4, 10, 5, 7 ], "texture": "#rail_detector" },
        "north": { "uv": [ 5, 9, 4, 10 ], "texture": "#rail_detector" },
        "south": { "uv": [ 4, 7, 5, 8 ], "texture": "#rail_detector" },
        "west":  { "uv": [ 4, 7, 5, 8 ], "texture": "#rail_detector" },
        "east":  { "uv": [ 4, 9, 5, 10 ], "texture": "#rail_detector" }
    }
},
{
    "from": [ 5, 7.6875, 6.6875 ],
    "to": [ 6, 8.6875, 11.6875 ],
    "rotation": { "origin": [ 5, 8.6875, 6.6875 ], "axis": "x", "angle": -45 },
    "faces": {
        "down":  { "uv": [ 11, 11, 10, 6 ], "texture": "#rail_detector" },
        "up":    { "uv": [ 10, 11, 11, 6 ], "texture": "#rail_detector" },
        "north": { "uv": [ 11, 10, 10, 11 ], "texture": "#rail_detector" },
        "south": { "uv": [ 10, 6, 11, 7 ], "texture": "#rail_detector" },
        "west":  { "uv": [ 10, 6, 11, 7 ], "texture": "#rail_detector" },
        "east":  { "uv": [ 10, 10, 11, 11 ], "texture": "#rail_detector" }
    }
},
{
    "from": [ 4, 8.375, 7.375 ],
    "to": [ 5, 9.375, 10.375 ],
    "rotation": { "origin": [ 4, 9.375, 7.375 ], "axis": "x", "angle": -45 },
    "faces": {
        "down":  { "uv": [ 12, 10, 11, 7 ], "texture": "#rail_detector" },
        "up":    { "uv": [ 11, 10, 12, 7 ], "texture": "#rail_detector" },
        "north": { "uv": [ 12, 9, 11, 10 ], "texture": "#rail_detector" },
        "south": { "uv": [ 11, 7, 12, 8 ], "texture": "#rail_detector" },
        "west":  { "uv": [ 11, 7, 12, 8 ], "texture": "#rail_detector" },
        "east":  { "uv": [ 11, 9, 12, 10 ], "texture": "#rail_detector" }
    }
}
]
}