{
	"__comment": "Designed by Jehkoba with Cubik Studio - https://cubik.studio",
	"parent": "block/cube",
	"textures": {
		"particle": "block/fletching_table_front",
		"down": "block/birch_planks",
		"up": "block/fletching_table_top",
		"north": "block/fletching_table_front",
		"east": "block/fletching_table_side",
		"south": "block/fletching_table_front",
		"west": "block/fletching_table_side"
	},
	"elements": [ 	 
		{
			"__comment": "Box1",
			"from": [ 0, 0, 0 ],
			"to": [ 16, 2, 16 ],
			"faces": {
				"down": { "uv": [ 0, 0, 16, 16 ], "texture": "#down" },
				"up": { "uv": [ 0, 0, 16, 16 ], "texture": "#up" },
				"north": { "uv": [ 0, 14, 16, 16 ], "texture": "#north" },
				"south": { "uv": [ 0, 14, 16, 16 ], "texture": "#south" },
				"west": { "uv": [ 0, 14, 16, 16 ], "texture": "#west" },
				"east": { "uv": [ 0, 14, 16, 16 ], "texture": "#east" }
			}
		},
		{
			"__comment": "Box1",
			"from": [ 1, 2, 1 ],
			"to": [ 15, 12, 15 ],
			"faces": {
				"north": { "uv": [ 2, 4, 14, 14 ], "texture": "#north" },
				"south": { "uv": [ 2, 4, 14, 14 ], "texture": "#south" },
				"west": { "uv": [ 2, 4, 14, 14 ], "texture": "#west" },
				"east": { "uv": [ 2, 4, 14, 14 ], "texture": "#east" }
			}
		},
		{
			"__comment": "Box3",
			"from": [ 0, 2, 0 ],
			"to": [ 2, 12, 2 ],
			"faces": {
				"north": { "uv": [ 14, 4, 16, 14 ], "texture": "#north" },
				"south": { "uv": [ 2, 4, 0, 14 ], "texture": "#south" },
				"west": { "uv": [ 0, 4, 2, 14 ], "texture": "#west" },
				"east": { "uv": [ 16, 4, 14, 14 ], "texture": "#east" }
			}
		},
		{
			"__comment": "Box3",
			"from": [ 14, 2, 0 ],
			"to": [ 16, 12, 2 ],
			"faces": {
				"north": { "uv": [ 0, 4, 2, 14 ], "texture": "#north" },
				"south": { "uv": [ 14, 4, 16, 14 ], "texture": "#south" },
				"west": { "uv": [ 16, 4, 14, 14 ], "texture": "#west" },
				"east": { "uv": [ 2, 4, 0, 14 ], "texture": "#east" }
			}
		},
		{
			"__comment": "Box3",
			"from": [ 0, 2, 14 ],
			"to": [ 2, 12, 16 ],
			"faces": {
				"north": { "uv": [ 0, 4, 2, 14 ], "texture": "#north" },
				"south": { "uv": [ 14, 4, 16, 14 ], "texture": "#south" },
				"west": { "uv": [ 16, 4, 14, 14 ], "texture": "#west" },
				"east": { "uv": [ 2, 4, 0, 14 ], "texture": "#east" }
			}
		},
		{
			"__comment": "Box3",
			"from": [ 14, 2, 14 ],
			"to": [ 16, 12, 16 ],
			"faces": {
				"north": { "uv": [ 0, 4, 2, 14 ], "texture": "#north" },
				"south": { "uv": [ 14, 4, 16, 14 ], "texture": "#south" },
				"west": { "uv": [ 16, 4, 14, 14 ], "texture": "#west" },
				"east": { "uv": [ 2, 4, 0, 14 ], "texture": "#east" }
			}
		},
		{
			"__comment": "Box7",
			"from": [ 0, 12, 0 ],
			"to": [ 16, 16, 16 ],
			"faces": {
				"down": { "uv": [ 0, 0, 16, 16 ], "texture": "#up" },
				"up": { "uv": [ 0, 0, 16, 16 ], "texture": "#up" },
				"north": { "uv": [ 0, 0, 16, 4 ], "texture": "#north" },
				"south": { "uv": [ 0, 0, 16, 4 ], "texture": "#south" },
				"west": { "uv": [ 0, 0, 16, 4 ], "texture": "#west" },
				"east": { "uv": [ 0, 0, 16, 4 ], "texture": "#east" }
			}
		},
		{
			"__comment": "Box8",
			"from": [ 2, 16, 2 ],
			"to": [ 14, 16.5, 14 ],
			"faces": {
				"up": { "uv": [ 2, 2, 14, 14 ], "texture": "#up" },
				"north": { "uv": [ 14, 2, 2, 2.5 ], "texture": "#up" },
				"south": { "uv": [ 2, 13.5, 14, 14 ], "texture": "#up" },
				"west": { "uv": [ 2, 2, 14, 2.5 ], "texture": "#up" },
				"east": { "uv": [ 14, 13.5, 2, 14 ], "texture": "#up" }
			}
		},
		{
			"__comment": "Box9",
			"from": [ 2, 9, 0.5 ],
			"to": [ 14, 12, 15.5 ],
			"faces": {
				"down": { "uv": [ 2, 0.5, 14, 15.5 ], "texture": "#down" },
				"north": { "uv": [ 2, 4, 14, 7 ], "texture": "#north" },
				"south": { "uv": [ 2, 4, 14, 7 ], "texture": "#south" },
				"west": { "uv": [ 0.5, 4, 15.5, 7 ], "texture": "#down" },
				"east": { "uv": [ 0.5, 4, 15.5, 7 ], "texture": "#east" }
			}
		},
		{
			"__comment": "Box10",
			"from": [ 7, 10, -0.5 ],
			"to": [ 9, 12, 16.5 ],
			"faces": {
				"down": { "uv": [ 7, 5, 9, 6 ], "texture": "#north" },
				"up": { "uv": [ 7, 4, 9, 5 ], "texture": "#north" },
				"north": { "uv": [ 9, 4, 7, 6 ], "texture": "#north" },
				"south": { "uv": [ 7, 4, 9, 6 ], "texture": "#south" },
				"west": { "uv": [ 7, 4, 8, 6 ], "texture": "#south" },
				"east": { "uv": [ 8, 4, 9, 6 ], "texture": "#south" }
			}
		}
	]
}