{
	"__comment": "Designed by Jehkoba with BDcraft Cubik PRO 0.92 Beta - http://bdcraft.net",
	"parent": "block/block",
	"textures": {
		"particle": "block/furnace_front",
		"texture": "block/furnace_front",
		"furnace_side": "block/furnace_side",
		"furnace_top": "block/furnace_top",
		"cobblestone": "block/cobblestone"
	},
	"elements": [ 	 
		{
			"__comment": "Element",
			"from": [ 0, 0, 0 ],
			"to": [ 16, 1, 16 ],
			"shade": false,
			"faces": {
				"down": { "uv": [ 16, 16, 0, 0 ], "texture": "#cobblestone" },
				"up": { "uv": [ 0, 0, 16, 16 ], "texture": "#cobblestone" },
				"north": { "uv": [ 0, 15, 16, 16 ], "texture": "#texture" },
				"south": { "uv": [ 0, 15, 16, 16 ], "texture": "#cobblestone" },
				"west": { "uv": [ 0, 15, 16, 16 ], "texture": "#cobblestone" },
				"east": { "uv": [ 0, 15, 16, 16 ], "texture": "#cobblestone" }
			}
		},
		{
			"__comment": "Element",
			"from": [ 0, 1, 1 ],
			"to": [ 16, 14, 16 ],
			"shade": false,
			"faces": {
				"north": { "uv": [ 0, 2, 16, 15 ], "texture": "#texture" },
				"south": { "uv": [ 0, 2, 16, 15 ], "texture": "#furnace_side" },
				"west": { "uv": [ 1, 2, 16, 15 ], "texture": "#furnace_side" },
				"east": { "uv": [ 0, 2, 15, 15 ], "texture": "#furnace_side" }
			}
		},
		{
			"__comment": "Element",
			"from": [ 0, 1, 0 ],
			"to": [ 3, 14, 1 ],
			"shade": false,
			"faces": {
				"north": { "uv": [ 13, 2, 16, 15 ], "texture": "#texture" },
				"west": { "uv": [ 0, 2, 1, 15 ], "texture": "#furnace_side" },
				"east": { "uv": [ 15, 2, 16, 15 ], "texture": "#furnace_side" }
			}
		},
		{
			"__comment": "Element",
			"from": [ 13, 1, 0 ],
			"to": [ 16, 14, 1 ],
			"shade": false,
			"faces": {
				"north": { "uv": [ 0, 2, 3, 15 ], "texture": "#texture" },
				"west": { "uv": [ 0, 2, 1, 15 ], "texture": "#furnace_side" },
				"east": { "uv": [ 15, 2, 16, 15 ], "texture": "#furnace_side" }
			}
		},
		{
			"__comment": "Element",
			"from": [ 3, 6, 0 ],
			"to": [ 13, 9, 1 ],
			"shade": false,
			"faces": {
				"down": { "uv": [ 13, 15, 3, 14 ], "texture": "#texture" },
				"up": { "uv": [ 3, 7, 13, 8 ], "texture": "#texture" },
				"north": { "uv": [ 3, 7, 13, 10 ], "texture": "#texture" }
			}
		},
		{
			"__comment": "Element",
			"from": [ 3, 11, 0 ],
			"to": [ 13, 14, 1 ],
			"shade": false,
			"faces": {
				"down": { "uv": [ 13, 1, 3, 0 ], "texture": "#furnace_side" },
				"north": { "uv": [ 3, 2, 13, 5 ], "texture": "#texture" }
			}
		},
		{
			"__comment": "Element",
			"from": [ 7, 11, -0.5 ],
			"to": [ 9, 13, 0 ],
			"shade": false,
			"faces": {
				"down": { "uv": [ 9, 4, 7, 5 ], "texture": "#texture" },
				"up": { "uv": [ 9, 3, 7, 4 ], "texture": "#texture" },
				"north": { "uv": [ 7, 3, 9, 5 ], "texture": "#texture" },
				"west": { "uv": [ 8, 3, 9, 5 ], "texture": "#texture" },
				"east": { "uv": [ 7, 3, 8, 5 ], "texture": "#texture" }
			}
		},
		{
			"__comment": "Element",
			"from": [ 12, 5, -0.5 ],
			"to": [ 14, 7, 1 ],
			"shade": false,
			"faces": {
				"down": { "uv": [ 4, 10, 2, 11 ], "texture": "#texture" },
				"up": { "uv": [ 4, 9, 2, 10 ], "texture": "#texture" },
				"north": { "uv": [ 2, 9, 4, 11 ], "texture": "#texture" },
				"west": { "uv": [ 3, 9, 4, 11 ], "texture": "#texture" },
				"east": { "uv": [ 2, 9, 3, 11 ], "texture": "#texture" }
			}
		},
		{
			"__comment": "Element",
			"from": [ 2, 5, -0.5 ],
			"to": [ 4, 7, 1 ],
			"shade": false,
			"faces": {
				"down": { "uv": [ 14, 10, 12, 11 ], "texture": "#texture" },
				"up": { "uv": [ 7, 3, 9, 5 ], "texture": "#texture" },
				"north": { "uv": [ 7, 3, 9, 5 ], "texture": "#texture" },
				"west": { "uv": [ 8, 3, 9, 5 ], "texture": "#texture" },
				"east": { "uv": [ 7, 3, 8, 5 ], "texture": "#texture" }
			}
		},
		{
			"__comment": "Element",
			"from": [ 1, 1, -0.5 ],
			"to": [ 3, 3, 0 ],
			"shade": false,
			"faces": {
				"down": { "uv": [ 15, 14, 13, 15 ], "texture": "#texture" },
				"up": { "uv": [ 15, 13, 13, 14 ], "texture": "#texture" },
				"north": { "uv": [ 13, 13, 15, 15 ], "texture": "#texture" },
				"west": { "uv": [ 14, 13, 15, 15 ], "texture": "#texture" },
				"east": { "uv": [ 13, 13, 14, 15 ], "texture": "#texture" }
			}
		},
		{
			"__comment": "Element",
			"from": [ 13, 1, -0.5 ],
			"to": [ 15, 3, 0 ],
			"shade": false,
			"faces": {
				"down": { "uv": [ 3, 14, 1, 15 ], "texture": "#texture" },
				"up": { "uv": [ 3, 13, 1, 14 ], "texture": "#texture" },
				"north": { "uv": [ 1, 13, 3, 15 ], "texture": "#texture" },
				"west": { "uv": [ 2, 13, 3, 15 ], "texture": "#texture" },
				"east": { "uv": [ 1, 13, 2, 15 ], "texture": "#texture" }
			}
		},
		{
			"__comment": "Element",
			"from": [ 0, 14, 0 ],
			"to": [ 16, 16, 16 ],
			"shade": false,
			"faces": {
				"down": { "uv": [ 16, 16, 0, 0 ], "texture": "#furnace_top" },
				"up": { "uv": [ 0, 0, 16, 16 ], "texture": "#furnace_top" },
				"north": { "uv": [ 0, 0, 16, 2 ], "texture": "#texture" },
				"south": { "uv": [ 0, 0, 16, 2 ], "texture": "#texture" },
				"west": { "uv": [ 0, 0, 16, 2 ], "texture": "#texture" },
				"east": { "uv": [ 0, 0, 16, 2 ], "texture": "#texture" }
			}
		},
		{
			"__comment": "Element",
			"from": [ 3, 0.5, -0.5 ],
			"to": [ 13, 1.5, 1 ],
			"shade": false,
			"faces": {
				"down": { "uv": [ 13, 15, 3, 14.5 ], "texture": "#texture" },
				"up": { "uv": [ 13, 15, 3, 14.5 ], "texture": "#texture" },
				"north": { "uv": [ 3, 15, 13, 16 ], "texture": "#texture" },
				"west": { "uv": [ 3, 15, 4, 16 ], "texture": "#texture" },
				"east": { "uv": [ 12, 15, 13, 16 ], "texture": "#texture" }
			}
		},
		{
			"__comment": "Element",
			"from": [ 5, 6, -0.5 ],
			"to": [ 11, 8, 0 ],
			"shade": false,
			"faces": {
				"down": { "uv": [ 11, 9, 5, 10 ], "texture": "#texture" },
				"up": { "uv": [ 11, 8, 5, 9 ], "texture": "#texture" },
				"north": { "uv": [ 5, 8, 11, 10 ], "texture": "#texture" },
				"west": { "uv": [ 2, 13, 3, 15 ], "texture": "#texture" },
				"east": { "uv": [ 1, 13, 2, 15 ], "texture": "#texture" }
			}
		},
		{
			"__comment": "Element",
			"from": [ 0.9496, 16, 0.9496 ],
			"to": [ 15.0496, 16.45, 15.0496 ],
			"shade": false,
			"faces": {
				"up": { "uv": [ 1, 0.999999, 15, 15 ], "texture": "#furnace_top" },
				"north": { "uv": [ 1, 0, 15, 1 ], "texture": "#texture" },
				"south": { "uv": [ 1, 0, 15, 1 ], "texture": "#texture" },
				"west": { "uv": [ 1, 0, 15, 1 ], "texture": "#texture" },
				"east": { "uv": [ 1, 0, 15, 1 ], "texture": "#texture" }
			}
		}
	]
}