{
	"__comment": "Designed by Jehkoba with Cubik Studio - https://cubik.studio",
	"textures": {
		"particle": "block/jungle_fence",
		"texture": "block/jungle_fence"
	},
	"elements": [ 	 
		{
			"__comment": "Box2",
			"from": [ 7, 4, 0 ],
			"to": [ 9, 6, 6 ],
			"faces": {
				"down": { "uv": [ 7, 10, 9, 16 ], "texture": "#texture" },
				"up": { "uv": [ 7, 0, 9, 6 ], "texture": "#texture" },
				"north": { "uv": [ 7, 13, 9, 15 ], "texture": "#texture" },
				"south": { "uv": [ 7, 13, 9, 15 ], "texture": "#texture" },
				"west": { "uv": [ 0, 13, 6, 15 ], "texture": "#texture" },
				"east": { "uv": [ 10, 13, 16, 15 ], "texture": "#texture" }
			}
		},
		{
			"__comment": "Box3",
			"from": [ 7, 14, 0 ],
			"to": [ 9, 16, 6 ],
			"faces": {
				"down": { "uv": [ 7, 10, 9, 16 ], "texture": "#texture" },
				"up": { "uv": [ 7, 0, 9, 6 ], "texture": "#texture" },
				"north": { "uv": [ 7, 0, 9, 2 ], "texture": "#texture" },
				"south": { "uv": [ 7, 0, 9, 2 ], "texture": "#texture" },
				"west": { "uv": [ 0, 0, 6, 2 ], "texture": "#texture" },
				"east": { "uv": [ 10, 0, 16, 2 ], "texture": "#texture" }
			}
		},
		{
			"__comment": "Box4",
			"from": [ 7.5, 6, 0.5 ],
			"to": [ 8.5, 14, 2.5 ],
			"faces": {
				"north": { "uv": [ 7, 4, 8, 12 ], "texture": "#texture" },
				"south": { "uv": [ 8, 4, 9, 12 ], "texture": "#texture" },
				"west": { "uv": [ 0, 4, 2, 12 ], "texture": "#texture" },
				"east": { "uv": [ 14, 4, 16, 12 ], "texture": "#texture" }
			}
		},
		{
			"__comment": "Box5",
			"from": [ 7.5, 6, 3.5 ],
			"to": [ 8.5, 14, 5.5 ],
			"faces": {
				"north": { "uv": [ 7, 4, 8, 12 ], "texture": "#texture" },
				"south": { "uv": [ 8, 4, 9, 12 ], "texture": "#texture" },
				"west": { "uv": [ 3, 4, 5, 12 ], "texture": "#texture" },
				"east": { "uv": [ 11, 4, 13, 12 ], "texture": "#texture" }
			}
		}
	]
}