{
	"__comment": "Designed by Jehkoba with Cubik Studio - https://cubik.studio",
	"textures": {
		"particle": "block/jungle_door_top",
		"texture": "block/jungle_door_top"
	},
	"elements": [ 	 
		{
			"__comment": "Box1",
			"from": [ 0, 0, 0 ],
			"to": [ 3, 16, 3 ],
			"faces": {
				"down": { "uv": [ 0, 14, 3, 16 ], "texture": "#texture" },
				"up": { "uv": [ 6, 0, 9, 3 ], "texture": "#texture" },
				"north": { "uv": [ 1, 0, 2, 16 ], "texture": "#texture" },
				"south": { "uv": [ 14, 0, 15, 16 ], "texture": "#texture" },
				"west": { "uv": [ 0, 0, 3, 16 ], "texture": "#texture" },
				"east": { "uv": [ 3, 0, 0, 16 ], "texture": "#texture" }
			}
		},
		{
			"__comment": "Box2",
			"from": [ 0, 0, 13 ],
			"to": [ 3, 16, 16 ],
			"faces": {
				"down": { "uv": [ 0, 0, 3, 3 ], "texture": "#texture" },
				"up": { "uv": [ 6, 13, 9, 16 ], "texture": "#texture" },
				"north": { "uv": [ 14, 0, 15, 16 ], "texture": "#texture" },
				"south": { "uv": [ 1, 0, 2, 16 ], "texture": "#texture" },
				"west": { "uv": [ 13, 0, 16, 16 ], "texture": "#texture" },
				"east": { "uv": [ 16, 0, 13, 16 ], "texture": "#texture" }
			}
		},
		{
			"__comment": "Box3",
			"from": [ 0, 0, 3 ],
			"to": [ 3, 2, 13 ],
			"faces": {
				"down": { "uv": [ 0, 3, 3, 13 ], "texture": "#texture" },
				"up": { "uv": [ 0, 3, 3, 13 ], "texture": "#texture" },
				"west": { "uv": [ 3, 14, 13, 16 ], "texture": "#texture" },
				"east": { "uv": [ 13, 14, 3, 16 ], "texture": "#texture" }
			}
		},
		{
			"__comment": "Box4",
			"from": [ 0, 6, 3 ],
			"to": [ 3, 10, 13 ],
			"faces": {
				"down": { "uv": [ 0, 3, 3, 13 ], "texture": "#texture" },
				"up": { "uv": [ 6, 3, 9, 13 ], "texture": "#texture" },
				"west": { "uv": [ 3, 6, 13, 10 ], "texture": "#texture" },
				"east": { "uv": [ 13, 6, 3, 10 ], "texture": "#texture" }
			}
		},
		{
			"__comment": "Box5",
			"from": [ 0, 13, 3 ],
			"to": [ 3, 16, 13 ],
			"faces": {
				"down": { "uv": [ 0, 3, 3, 13 ], "texture": "#texture" },
				"up": { "uv": [ 0, 3, 3, 13 ], "texture": "#texture" },
				"west": { "uv": [ 3, 0, 13, 3 ], "texture": "#texture" },
				"east": { "uv": [ 13, 0, 3, 3 ], "texture": "#texture" }
			}
		},
		{
			"__comment": "Box6",
			"from": [ 0, 2, 6 ],
			"to": [ 3, 6, 10 ],
			"faces": {
				"north": { "uv": [ 13, 10, 16, 14 ], "texture": "#texture" },
				"south": { "uv": [ 0, 10, 3, 14 ], "texture": "#texture" },
				"west": { "uv": [ 6, 10, 10, 14 ], "texture": "#texture" },
				"east": { "uv": [ 10, 10, 6, 14 ], "texture": "#texture" }
			}
		},
		{
			"__comment": "Box7",
			"from": [ 0, 10, 6 ],
			"to": [ 3, 13, 10 ],
			"faces": {
				"north": { "uv": [ 13, 3, 16, 6 ], "texture": "#texture" },
				"south": { "uv": [ 0, 3, 3, 6 ], "texture": "#texture" },
				"west": { "uv": [ 6, 3, 10, 6 ], "texture": "#texture" },
				"east": { "uv": [ 10, 3, 6, 6 ], "texture": "#texture" }
			}
		},
		{
			"__comment": "Box8",
			"from": [ 0.5, 2, 3 ],
			"to": [ 2.5, 13, 13 ],
			"faces": {
				"west": { "uv": [ 3, 3, 13, 14 ], "texture": "#texture" },
				"east": { "uv": [ 13, 3, 3, 14 ], "texture": "#texture" }
			}
		},
		{
			"__comment": "Box9",
			"from": [ -0.5, 0, 10 ],
			"to": [ 3.5, 1, 14 ],
			"faces": {
				"down": { "uv": [ 0, 2, 3.5, 6 ], "texture": "#texture" },
				"up": { "uv": [ 0, 10, 3.5, 14 ], "texture": "#texture" },
				"north": { "uv": [ 12.5, 15, 16, 16 ], "texture": "#texture" },
				"south": { "uv": [ 0, 15, 3.5, 16 ], "texture": "#texture" },
				"west": { "uv": [ 10, 15, 14, 16 ], "texture": "#texture" },
				"east": { "uv": [ 14, 15, 10, 16 ], "texture": "#texture" }
			}
		},
		{
			"__comment": "Box10",
			"from": [ -0.5, 1, 11 ],
			"to": [ 3.5, 1.9, 13 ],
			"faces": {
				"up": { "uv": [ 0, 11, 3.5, 13 ], "texture": "#texture" },
				"north": { "uv": [ 12.5, 13.9, 16, 15 ], "texture": "#texture" },
				"south": { "uv": [ 0, 13.9, 3.5, 15 ], "texture": "#texture" },
				"west": { "uv": [ 11, 14, 13, 15 ], "texture": "#texture" },
				"east": { "uv": [ 13, 14, 11, 15 ], "texture": "#texture" }
			}
		}
	]
}