{
	"__comment": "Designed by Jehkoba with Cubik Studio - https://cubik.studio",
	"parent": "block/block",
	"ambientocclusion": false,
	"textures": {
		"particle": "#texture",
		"texture": "block/jungle_fence"
	},
	"elements": [ 	 
		{
			"__comment": "Box5",
			"from": [ 6, 0, 12 ],
			"to": [ 10, 16, 16 ],
			"faces": {
				"down": { "uv": [ 6, 6, 10, 10 ], "texture": "#texture" },
				"up": { "uv": [ 6, 6, 10, 10 ], "texture": "#texture" },
				"north": { "uv": [ 6, 0, 10, 16 ], "texture": "#texture" },
				"south": { "uv": [ 6, 0, 10, 16 ], "texture": "#texture" },
				"west": { "uv": [ 6, 0, 10, 16 ], "texture": "#texture" },
				"east": { "uv": [ 6, 0, 10, 16 ], "texture": "#texture" }
			}
		},
		{
			"__comment": "Box5",
			"from": [ 6, 0, 0 ],
			"to": [ 10, 16, 4 ],
			"faces": {
				"down": { "uv": [ 6, 6, 10, 10 ], "texture": "#texture" },
				"up": { "uv": [ 6, 6, 10, 10 ], "texture": "#texture" },
				"north": { "uv": [ 6, 0, 10, 16 ], "texture": "#texture" },
				"south": { "uv": [ 6, 0, 10, 16 ], "texture": "#texture" },
				"west": { "uv": [ 6, 0, 10, 16 ], "texture": "#texture" },
				"east": { "uv": [ 6, 0, 10, 16 ], "texture": "#texture" }
			}
		},
		{
			"__comment": "Box8",
			"from": [ 7, 0.5, 4 ],
			"to": [ 9, 2.5, 8 ],
			"faces": {
				"down": { "uv": [ 7, 2, 9, 6 ], "texture": "#texture" },
				"up": { "uv": [ 7, 10, 9, 14 ], "texture": "#texture" },
				"north": { "uv": [ 7, 13, 9, 15 ], "texture": "#texture" },
				"south": { "uv": [ 7, 13, 9, 15 ], "texture": "#texture" },
				"west": { "uv": [ 10, 13, 14, 15 ], "texture": "#texture" },
				"east": { "uv": [ 2, 13, 6, 15 ], "texture": "#texture" }
			}
		},
		{
			"__comment": "Box8",
			"from": [ 7, 13.5, 4 ],
			"to": [ 9, 15.5, 8 ],
			"faces": {
				"down": { "uv": [ 7, 2, 9, 6 ], "texture": "#texture" },
				"up": { "uv": [ 7, 10, 9, 14 ], "texture": "#texture" },
				"north": { "uv": [ 7, 13, 9, 15 ], "texture": "#texture" },
				"south": { "uv": [ 7, 13, 9, 15 ], "texture": "#texture" },
				"west": { "uv": [ 10, 13, 14, 15 ], "texture": "#texture" },
				"east": { "uv": [ 2, 13, 6, 15 ], "texture": "#texture" }
			}
		},
		{
			"__comment": "Box11",
			"from": [ 7, 0.5, 8 ],
			"to": [ 9, 2.5, 12 ],
			"faces": {
				"down": { "uv": [ 7, 10, 9, 14 ], "texture": "#texture" },
				"up": { "uv": [ 7, 2, 9, 6 ], "texture": "#texture" },
				"north": { "uv": [ 7, 13, 9, 15 ], "texture": "#texture" },
				"south": { "uv": [ 7, 13, 9, 15 ], "texture": "#texture" },
				"west": { "uv": [ 2, 13, 6, 15 ], "texture": "#texture" },
				"east": { "uv": [ 10, 13, 14, 15 ], "texture": "#texture" }
			}
		},
		{
			"__comment": "Box11",
			"from": [ 7, 13.5, 8 ],
			"to": [ 9, 15.5, 12 ],
			"faces": {
				"down": { "uv": [ 7, 10, 9, 14 ], "texture": "#texture" },
				"up": { "uv": [ 7, 2, 9, 6 ], "texture": "#texture" },
				"north": { "uv": [ 7, 13, 9, 15 ], "texture": "#texture" },
				"south": { "uv": [ 7, 13, 9, 15 ], "texture": "#texture" },
				"west": { "uv": [ 2, 13, 6, 15 ], "texture": "#texture" },
				"east": { "uv": [ 10, 13, 14, 15 ], "texture": "#texture" }
			}
		},
		{
			"__comment": "Box14",
			"from": [ 7, 2.5, 5 ],
			"to": [ 9, 13.5, 7 ],
			"faces": {
				"down": { "uv": [ 7, 14, 9, 16 ], "texture": "#texture" },
				"up": { "uv": [ 7, 0, 9, 2 ], "texture": "#texture" },
				"north": { "uv": [ 7, 2, 9, 13 ], "texture": "#texture" },
				"south": { "uv": [ 7, 2, 9, 13 ], "texture": "#texture" },
				"west": { "uv": [ 0, 2, 2, 13 ], "texture": "#texture" },
				"east": { "uv": [ 14, 2, 16, 13 ], "texture": "#texture" }
			}
		},
		{
			"__comment": "Box14",
			"from": [ 7, 2.5, 9 ],
			"to": [ 9, 13.5, 11 ],
			"faces": {
				"down": { "uv": [ 7, 14, 9, 16 ], "texture": "#texture" },
				"up": { "uv": [ 7, 0, 9, 2 ], "texture": "#texture" },
				"north": { "uv": [ 7, 2, 9, 13 ], "texture": "#texture" },
				"south": { "uv": [ 7, 2, 9, 13 ], "texture": "#texture" },
				"west": { "uv": [ 0, 2, 2, 13 ], "texture": "#texture" },
				"east": { "uv": [ 14, 2, 16, 13 ], "texture": "#texture" }
			}
		},
		{
			"__comment": "Box17",
			"from": [ 7, 0.5, -2 ],
			"to": [ 9, 2.5, 0 ],
			"faces": {
				"down": { "uv": [ 7, 10, 9, 12 ], "texture": "#texture" },
				"up": { "uv": [ 7, 4, 9, 6 ], "texture": "#texture" },
				"north": { "uv": [ 7, 13, 9, 15 ], "texture": "#texture" },
				"south": { "uv": [ 7, 13, 9, 15 ], "texture": "#texture" },
				"west": { "uv": [ 4, 13, 6, 15 ], "texture": "#texture" },
				"east": { "uv": [ 10, 13, 12, 15 ], "texture": "#texture" }
			}
		},
		{
			"__comment": "Box17",
			"from": [ 7, 13.5, -2 ],
			"to": [ 9, 15.5, 0 ],
			"faces": {
				"down": { "uv": [ 7, 10, 9, 12 ], "texture": "#texture" },
				"up": { "uv": [ 7, 4, 9, 6 ], "texture": "#texture" },
				"north": { "uv": [ 7, 13, 9, 15 ], "texture": "#texture" },
				"south": { "uv": [ 7, 13, 9, 15 ], "texture": "#texture" },
				"west": { "uv": [ 4, 13, 6, 15 ], "texture": "#texture" },
				"east": { "uv": [ 10, 13, 12, 15 ], "texture": "#texture" }
			}
		},
		{
			"__comment": "Box20",
			"from": [ 7, 0.5, 16 ],
			"to": [ 9, 2.5, 18 ],
			"faces": {
				"down": { "uv": [ 7, 3, 9, 5 ], "texture": "#texture" },
				"up": { "uv": [ 7, 11, 9, 13 ], "texture": "#texture" },
				"north": { "uv": [ 7, 13, 9, 15 ], "texture": "#texture" },
				"south": { "uv": [ 7, 13, 9, 15 ], "texture": "#texture" },
				"west": { "uv": [ 11, 13, 13, 15 ], "texture": "#texture" },
				"east": { "uv": [ 3, 13, 5, 15 ], "texture": "#texture" }
			}
		},
		{
			"__comment": "Box20",
			"from": [ 7, 13.5, 16 ],
			"to": [ 9, 15.5, 18 ],
			"faces": {
				"down": { "uv": [ 7, 3, 9, 5 ], "texture": "#texture" },
				"up": { "uv": [ 7, 11, 9, 13 ], "texture": "#texture" },
				"north": { "uv": [ 7, 13, 9, 15 ], "texture": "#texture" },
				"south": { "uv": [ 7, 13, 9, 15 ], "texture": "#texture" },
				"west": { "uv": [ 11, 13, 13, 15 ], "texture": "#texture" },
				"east": { "uv": [ 3, 13, 5, 15 ], "texture": "#texture" }
			}
		}
	],
	"display": {
		"gui": {
			"rotation":  [ 30, 135, 0 ],
			"scale":  [ 0.625, 0.625, 0.625 ]
		},
		"fixed": {
			"rotation":  [ 0, 90, 0 ],
			"scale":  [ 0.5, 0.5, 0.5 ]
		}
	}
}