{
	"__comment": "Designed by Jehkoba with Cubik Studio - https://cubik.studio",
	"parent": "block/block",
	"textures": {
		"particle": "block/jungle_fence",
		"texture": "block/jungle_fence"
	},
	"elements": [ 	 
		{
			"__comment": "Left-hand post",
			"from": [ 0, 4, 7 ],
			"to": [ 2, 16, 9 ],
			"faces": {
				"down": { "uv": [ 7, 14, 9, 16 ], "texture": "#texture" },
				"up": { "uv": [ 6, 1, 8, 3 ], "texture": "#texture" },
				"north": { "uv": [ 6, 12, 8, 0 ], "texture": "#texture" },
				"south": { "uv": [ 6, 12, 8, 0 ], "texture": "#texture" },
				"west": { "uv": [ 6, 12, 8, 0 ], "texture": "#texture", "cullface": "west" },
				"east": { "uv": [ 6, 12, 8, 0 ], "texture": "#texture" }
			}
		},
		{
			"__comment": "Right-hand post",
			"from": [ 14, 4, 7 ],
			"to": [ 16, 16, 9 ],
			"faces": {
				"down": { "uv": [ 7, 14, 9, 16 ], "texture": "#texture" },
				"up": { "uv": [ 6, 1, 8, 3 ], "texture": "#texture" },
				"north": { "uv": [ 6, 12, 8, 0 ], "texture": "#texture" },
				"south": { "uv": [ 6, 12, 8, 0 ], "texture": "#texture" },
				"west": { "uv": [ 6, 12, 8, 0 ], "texture": "#texture" },
				"east": { "uv": [ 6, 12, 8, 0 ], "texture": "#texture", "cullface": "east" }
			}
		},
		{
			"__comment": "Inner vertical post of left-hand gate door",
			"from": [ 6, 4, 7 ],
			"to": [ 8, 16, 9 ],
			"faces": {
				"down": { "uv": [ 7, 14, 9, 16 ], "texture": "#texture" },
				"up": { "uv": [ 6, 1, 8, 3 ], "texture": "#texture" },
				"north": { "uv": [ 6, 12, 8, 0 ], "texture": "#texture" },
				"south": { "uv": [ 6, 12, 8, 0 ], "texture": "#texture" },
				"west": { "uv": [ 6, 12, 8, 0 ], "texture": "#texture" }
			}
		},
		{
			"__comment": "Inner vertical post of right-hand gate door",
			"from": [ 8, 4, 7 ],
			"to": [ 10, 16, 9 ],
			"faces": {
				"down": { "uv": [ 7, 14, 9, 16 ], "texture": "#texture" },
				"up": { "uv": [ 6, 1, 8, 3 ], "texture": "#texture" },
				"north": { "uv": [ 6, 12, 8, 0 ], "texture": "#texture" },
				"south": { "uv": [ 6, 12, 8, 0 ], "texture": "#texture" },
				"east": { "uv": [ 6, 12, 8, 0 ], "texture": "#texture" }
			}
		},
		{
			"__comment": "Lower horizontal bar of left-hand gate door",
			"from": [ 2, 4, 7.5 ],
			"to": [ 6, 7, 8.5 ],
			"faces": {
				"down": { "uv": [ 1, 1, 5, 2 ], "texture": "#texture" },
				"up": { "uv": [ 1, 0, 5, 1 ], "texture": "#texture" },
				"north": { "uv": [ 10, 9, 6, 12 ], "texture": "#texture" },
				"south": { "uv": [ 6, 9, 10, 12 ], "texture": "#texture" }
			}
		},
		{
			"__comment": "Upper horizontal bar of left-hand gate door",
			"from": [ 2, 13, 7.5 ],
			"to": [ 6, 16, 8.5 ],
			"faces": {
				"down": { "uv": [ 1, 1, 5, 2 ], "texture": "#texture" },
				"up": { "uv": [ 1, 0, 5, 1 ], "texture": "#texture" },
				"north": { "uv": [ 10, 9, 6, 12 ], "texture": "#texture" },
				"south": { "uv": [ 6, 9, 10, 12 ], "texture": "#texture" }
			}
		},
		{
			"__comment": "Lower horizontal bar of right-hand gate door",
			"from": [ 10, 4, 7.5 ],
			"to": [ 14, 7, 8.5 ],
			"faces": {
				"down": { "uv": [ 5, 1, 1, 2 ], "texture": "#texture" },
				"up": { "uv": [ 5, 0, 1, 1 ], "texture": "#texture" },
				"north": { "uv": [ 6, 9, 10, 12 ], "texture": "#texture" },
				"south": { "uv": [ 10, 9, 6, 12 ], "texture": "#texture" }
			}
		},
		{
			"__comment": "Upper horizontal bar of right-hand gate door",
			"from": [ 10, 13, 7.5 ],
			"to": [ 14, 16, 8.5 ],
			"faces": {
				"down": { "uv": [ 5, 1, 1, 2 ], "texture": "#texture" },
				"up": { "uv": [ 5, 0, 1, 1 ], "texture": "#texture" },
				"north": { "uv": [ 6, 9, 10, 12 ], "texture": "#texture" },
				"south": { "uv": [ 10, 9, 6, 12 ], "texture": "#texture" }
			}
		},
		{
			"__comment": "Box9",
			"from": [ 3.5, 7, 7.5 ],
			"to": [ 4.5, 13, 8.5 ],
			"faces": {
				"north": { "uv": [ 11, 6, 12, 12 ], "texture": "#texture" },
				"south": { "uv": [ 11, 6, 12, 12 ], "texture": "#texture" },
				"west": { "uv": [ 11, 6, 12, 12 ], "texture": "#texture" },
				"east": { "uv": [ 11, 6, 12, 12 ], "texture": "#texture" }
			}
		},
		{
			"__comment": "Box9",
			"from": [ 11.5, 7, 7.5 ],
			"to": [ 12.5, 13, 8.5 ],
			"faces": {
				"north": { "uv": [ 11, 6, 12, 12 ], "texture": "#texture" },
				"south": { "uv": [ 11, 6, 12, 12 ], "texture": "#texture" },
				"west": { "uv": [ 11, 6, 12, 12 ], "texture": "#texture" },
				"east": { "uv": [ 11, 6, 12, 12 ], "texture": "#texture" }
			}
		}
	],
	"display": {
		"gui": {
			"rotation":  [ 30, 45, 0 ],
			"translation":  [ 0, -1, 0 ],
			"scale":  [ 0.8, 0.8, 0.8 ]
		},
		"head": {
			"translation":  [ 0, -3, -6 ]
		}
	}
}