{
	"__comment": "Designed by Jehkoba with Cubik Studio - https://cubik.studio",
	"parent": "block/block",
	"ambientocclusion": false,
	"textures": {
		"particle": "block/oak_fence",
		"texture": "block/oak_fence"
	},
	"elements": [ 	 
		{
			"__comment": "Box5",
			"from": [ 6, 0, 0 ],
			"to": [ 10, 16, 4 ],
			"faces": {
				"down": { "uv": [ 6, 12, 10, 16 ], "texture": "#texture" },
				"up": { "uv": [ 6, 0, 10, 4 ], "texture": "#texture" },
				"north": { "uv": [ 6, 0, 10, 16 ], "texture": "#texture" },
				"south": { "uv": [ 6, 0, 10, 16 ], "texture": "#texture" },
				"west": { "uv": [ 6, 0, 10, 16 ], "texture": "#texture" },
				"east": { "uv": [ 6, 0, 10, 16 ], "texture": "#texture" }
			}
		},
		{
			"__comment": "Box5",
			"from": [ 6, 0, 12 ],
			"to": [ 10, 16, 16 ],
			"faces": {
				"down": { "uv": [ 6, 12, 10, 16 ], "texture": "#texture" },
				"up": { "uv": [ 6, 0, 10, 4 ], "texture": "#texture" },
				"north": { "uv": [ 6, 0, 10, 16 ], "texture": "#texture" },
				"south": { "uv": [ 6, 0, 10, 16 ], "texture": "#texture" },
				"west": { "uv": [ 6, 0, 10, 16 ], "texture": "#texture" },
				"east": { "uv": [ 6, 0, 10, 16 ], "texture": "#texture" }
			}
		},
		{
			"__comment": "Box7",
			"from": [ 7, 3, 3 ],
			"to": [ 9, 7, 8 ],
			"faces": {
				"down": { "uv": [ 14, 3, 16, 8 ], "texture": "#texture" },
				"up": { "uv": [ 14, 3, 16, 8 ], "texture": "#texture" },
				"north": { "uv": [ 1, 8, 2, 12 ], "texture": "#texture" },
				"south": { "uv": [ 14, 8, 15, 12 ], "texture": "#texture" },
				"west": { "uv": [ 9, 8, 14, 12 ], "texture": "#texture" },
				"east": { "uv": [ 2, 1, 7, 5 ], "texture": "#texture" }
			}
		},
		{
			"__comment": "Box7",
			"from": [ 7, 11, 3 ],
			"to": [ 9, 15, 8 ],
			"faces": {
				"down": { "uv": [ 14, 3, 16, 8 ], "texture": "#texture" },
				"up": { "uv": [ 14, 3, 16, 8 ], "texture": "#texture" },
				"north": { "uv": [ 1, 8, 2, 12 ], "texture": "#texture" },
				"south": { "uv": [ 14, 8, 15, 12 ], "texture": "#texture" },
				"west": { "uv": [ 9, 8, 14, 12 ], "texture": "#texture" },
				"east": { "uv": [ 2, 1, 7, 5 ], "texture": "#texture" }
			}
		},
		{
			"__comment": "Box10",
			"from": [ 7, 3, 8 ],
			"to": [ 9, 7, 13 ],
			"faces": {
				"down": { "uv": [ 0, 1, 2, 6 ], "texture": "#texture" },
				"up": { "uv": [ 0, 1, 2, 6 ], "texture": "#texture" },
				"north": { "uv": [ 0, 8, 2, 12 ], "texture": "#texture" },
				"south": { "uv": [ 14, 8, 16, 12 ], "texture": "#texture" },
				"west": { "uv": [ 2, 8, 7, 12 ], "texture": "#texture" },
				"east": { "uv": [ 9, 8, 14, 12 ], "texture": "#texture" }
			}
		},
		{
			"__comment": "Box10",
			"from": [ 7, 11, 8 ],
			"to": [ 9, 15, 13 ],
			"faces": {
				"down": { "uv": [ 0, 1, 2, 6 ], "texture": "#texture" },
				"up": { "uv": [ 0, 1, 2, 6 ], "texture": "#texture" },
				"north": { "uv": [ 0, 8, 2, 12 ], "texture": "#texture" },
				"south": { "uv": [ 14, 8, 16, 12 ], "texture": "#texture" },
				"west": { "uv": [ 2, 1, 7, 5 ], "texture": "#texture" },
				"east": { "uv": [ 9, 1, 14, 5 ], "texture": "#texture" }
			}
		},
		{
			"__comment": "Box10",
			"from": [ 7, 11, -2 ],
			"to": [ 9, 15, 3 ],
			"faces": {
				"down": { "uv": [ 0, 1, 2, 6 ], "texture": "#texture" },
				"up": { "uv": [ 0, 1, 2, 6 ], "texture": "#texture" },
				"north": { "uv": [ 0, 8, 2, 12 ], "texture": "#texture" },
				"south": { "uv": [ 14, 8, 16, 12 ], "texture": "#texture" },
				"west": { "uv": [ 4, 8, 9, 12 ], "texture": "#texture" },
				"east": { "uv": [ 7, 8, 12, 12 ], "texture": "#texture" }
			}
		},
		{
			"__comment": "Box10",
			"from": [ 7, 3, -2 ],
			"to": [ 9, 7, 3 ],
			"faces": {
				"down": { "uv": [ 0, 1, 2, 6 ], "texture": "#texture" },
				"up": { "uv": [ 0, 1, 2, 6 ], "texture": "#texture" },
				"north": { "uv": [ 0, 8, 2, 12 ], "texture": "#texture" },
				"south": { "uv": [ 14, 8, 16, 12 ], "texture": "#texture" },
				"west": { "uv": [ 4, 8, 9, 12 ], "texture": "#texture" },
				"east": { "uv": [ 7, 8, 12, 12 ], "texture": "#texture" }
			}
		},
		{
			"__comment": "Box7",
			"from": [ 7, 11, 13 ],
			"to": [ 9, 15, 18 ],
			"faces": {
				"down": { "uv": [ 14, 3, 16, 8 ], "texture": "#texture" },
				"up": { "uv": [ 14, 3, 16, 8 ], "texture": "#texture" },
				"north": { "uv": [ 1, 8, 2, 12 ], "texture": "#texture" },
				"south": { "uv": [ 14, 8, 15, 12 ], "texture": "#texture" },
				"west": { "uv": [ 7, 8, 12, 12 ], "texture": "#texture" },
				"east": { "uv": [ 4, 8, 9, 12 ], "texture": "#texture" }
			}
		},
		{
			"__comment": "Box7",
			"from": [ 7, 3, 13 ],
			"to": [ 9, 7, 18 ],
			"faces": {
				"down": { "uv": [ 14, 3, 16, 8 ], "texture": "#texture" },
				"up": { "uv": [ 14, 3, 16, 8 ], "texture": "#texture" },
				"north": { "uv": [ 1, 8, 2, 12 ], "texture": "#texture" },
				"south": { "uv": [ 14, 8, 15, 12 ], "texture": "#texture" },
				"west": { "uv": [ 7, 8, 12, 12 ], "texture": "#texture" },
				"east": { "uv": [ 4, 8, 9, 12 ], "texture": "#texture" }
			}
		}
	],
	"display": {
		"gui": {
			"rotation":  [ 30, 135, 0 ],
			"scale":  [ 0.625, 0.625, 0.625 ]
		},
		"fixed": {
			"rotation":  [ 0, 90, 0 ],
			"scale":  [ 0.5, 0.5, 0.5 ]
		}
	}
}