{
	"__comment": "Designed by Jehkoba with Cubik Studio - https://cubik.studio",
	"parent": "block/block",
	"textures": {
		"particle": "block/oak_trapdoor",
		"texture": "block/oak_trapdoor"
	},
	"elements": [ 	 
		{
			"__comment": "Slat1",
			"from": [ 3, 4, 14.5 ],
			"to": [ 13, 6, 15.5 ],
			"faces": {
				"down": { "uv": [ 13, 12, 3, 11 ], "texture": "#texture" },
				"up": { "uv": [ 3, 14, 13, 15 ], "texture": "#texture" },
				"north": { "uv": [ 13, 7, 3, 9 ], "texture": "#texture" },
				"south": { "uv": [ 3, 7, 13, 9 ], "texture": "#texture" }
			}
		},
		{
			"__comment": "Slat3",
			"from": [ 3, 7, 14.5 ],
			"to": [ 13, 9, 15.5 ],
			"faces": {
				"down": { "uv": [ 13, 12, 3, 11 ], "texture": "#texture" },
				"up": { "uv": [ 3, 14, 13, 15 ], "texture": "#texture" },
				"north": { "uv": [ 13, 7, 3, 9 ], "texture": "#texture" },
				"south": { "uv": [ 3, 7, 13, 9 ], "texture": "#texture" }
			}
		},
		{
			"__comment": "Slat3",
			"from": [ 3, 10, 14.5 ],
			"to": [ 13, 12, 15.5 ],
			"faces": {
				"down": { "uv": [ 13, 12, 3, 11 ], "texture": "#texture" },
				"up": { "uv": [ 3, 14, 13, 15 ], "texture": "#texture" },
				"north": { "uv": [ 13, 7, 3, 9 ], "texture": "#texture" },
				"south": { "uv": [ 3, 7, 13, 9 ], "texture": "#texture" }
			}
		},
		{
			"__comment": "Frame1",
			"from": [ 0, 0, 14 ],
			"to": [ 13, 3, 16 ],
			"faces": {
				"down": { "uv": [ 16, 16, 3, 14 ], "texture": "#texture" },
				"up": { "uv": [ 0, 14, 13, 16 ], "texture": "#texture" },
				"north": { "uv": [ 3, 0, 16, 3 ], "texture": "#texture" },
				"south": { "uv": [ 0, 13, 13, 16 ], "texture": "#texture" },
				"west": { "uv": [ 0, 14, 3, 16 ], "texture": "#texture", "rotation": 270 }
			}
		},
		{
			"__comment": "Frame2",
			"from": [ 13, 0, 14 ],
			"to": [ 16, 13, 16 ],
			"faces": {
				"down": { "uv": [ 3, 16, 0, 14 ], "texture": "#texture" },
				"north": { "uv": [ 13, 3, 16, 16 ], "texture": "#texture" },
				"south": { "uv": [ 13, 3, 16, 16 ], "texture": "#texture" },
				"west": { "uv": [ 0, 14, 13, 16 ], "texture": "#texture", "rotation": 270 },
				"east": { "uv": [ 3, 14, 16, 16 ], "texture": "#texture", "rotation": 90 }
			}
		},
		{
			"__comment": "Frame3",
			"from": [ 3, 13, 14.0001 ],
			"to": [ 16, 16, 16.0001 ],
			"faces": {
				"down": { "uv": [ 13, 16, 0, 14 ], "texture": "#texture" },
				"up": { "uv": [ 3, 14, 16, 16 ], "texture": "#texture" },
				"north": { "uv": [ 0, 13, 13, 16 ], "texture": "#texture" },
				"south": { "uv": [ 3, 0, 16, 3 ], "texture": "#texture" },
				"east": { "uv": [ 0, 14, 3, 16 ], "texture": "#texture", "rotation": 90 }
			}
		},
		{
			"__comment": "Frame4",
			"from": [ 0, 3, 14 ],
			"to": [ 3, 16, 16 ],
			"faces": {
				"up": { "uv": [ 0, 14, 3, 16 ], "texture": "#texture" },
				"north": { "uv": [ 0, 0, 3, 13 ], "texture": "#texture" },
				"south": { "uv": [ 0, 0, 3, 13 ], "texture": "#texture" },
				"west": { "uv": [ 3, 14, 16, 16 ], "texture": "#texture", "rotation": 270 },
				"east": { "uv": [ 0, 14, 13, 16 ], "texture": "#texture", "rotation": 90 }
			}
		}
	]
}