{
	"__comment": "Designed by Jehkoba with BDcraft Cubik PRO 0.93 Beta - http://bdcraft.net",
	"parent": "block/block",
	"textures": {
		"particle": "block/redstone_lamp_on",
		"texture": "block/redstone_lamp_on"
	},
	"elements": [ 	 
		{
			"from": [ 0, 0, 0 ],
			"to": [ 2, 2, 14 ],
			"faces": {
				"down": { "uv": [ 16, 14, 14, 0 ], "texture": "#texture" },
				"up": { "uv": [ 0, 0, 2, 14 ], "texture": "#texture" },
				"north": { "uv": [ 14, 14, 16, 16 ], "texture": "#texture" },
				"west": { "uv": [ 0, 14, 14, 16 ], "texture": "#texture" },
				"east": { "uv": [ 2, 14, 16, 16 ], "texture": "#texture" }
			}
		},
		{
			"from": [ 14, 0, 2 ],
			"to": [ 16, 2, 16 ],
			"faces": {
				"down": { "uv": [ 2, 16, 0, 2 ], "texture": "#texture" },
				"up": { "uv": [ 14, 2, 16, 16 ], "texture": "#texture" },
				"south": { "uv": [ 14, 14, 16, 16 ], "texture": "#texture" },
				"west": { "uv": [ 2, 14, 16, 16 ], "texture": "#texture" },
				"east": { "uv": [ 0, 14, 14, 16 ], "texture": "#texture" }
			}
		},
		{
			"from": [ 2, 0, 0 ],
			"to": [ 16, 2, 2 ],
			"faces": {
				"down": { "uv": [ 14, 2, 0, 0 ], "texture": "#texture" },
				"up": { "uv": [ 2, 0, 16, 2 ], "texture": "#texture" },
				"north": { "uv": [ 0, 14, 14, 16 ], "texture": "#texture" },
				"south": { "uv": [ 2, 14, 16, 16 ], "texture": "#texture" },
				"east": { "uv": [ 14, 14, 16, 16 ], "texture": "#texture" }
			}
		},
		{
			"from": [ 0, 0, 14 ],
			"to": [ 14, 2, 16 ],
			"faces": {
				"down": { "uv": [ 16, 16, 2, 14 ], "texture": "#texture" },
				"up": { "uv": [ 0, 14, 14, 16 ], "texture": "#texture" },
				"north": { "uv": [ 2, 14, 16, 16 ], "texture": "#texture" },
				"south": { "uv": [ 0, 14, 14, 16 ], "texture": "#texture" },
				"west": { "uv": [ 14, 14, 16, 16 ], "texture": "#texture" }
			}
		},
		{
			"from": [ 0, 2, 0 ],
			"to": [ 2, 14, 2 ],
			"faces": {
				"north": { "uv": [ 14, 2, 16, 14 ], "texture": "#texture" },
				"south": { "uv": [ 0, 2, 2, 14 ], "texture": "#texture" },
				"west": { "uv": [ 0, 2, 2, 14 ], "texture": "#texture" },
				"east": { "uv": [ 14, 2, 16, 14 ], "texture": "#texture" }
			}
		},
		{
			"from": [ 14, 2, 0 ],
			"to": [ 16, 14, 2 ],
			"faces": {
				"north": { "uv": [ 0, 2, 2, 14 ], "texture": "#texture" },
				"south": { "uv": [ 14, 2, 16, 14 ], "texture": "#texture" },
				"west": { "uv": [ 0, 2, 2, 14 ], "texture": "#texture" },
				"east": { "uv": [ 14, 2, 16, 14 ], "texture": "#texture" }
			}
		},
		{
			"from": [ 14, 2, 14 ],
			"to": [ 16, 14, 16 ],
			"faces": {
				"north": { "uv": [ 0, 2, 2, 14 ], "texture": "#texture" },
				"south": { "uv": [ 14, 2, 16, 14 ], "texture": "#texture" },
				"west": { "uv": [ 14, 2, 16, 14 ], "texture": "#texture" },
				"east": { "uv": [ 0, 2, 2, 14 ], "texture": "#texture" }
			}
		},
		{
			"from": [ 0, 2, 14 ],
			"to": [ 2, 14, 16 ],
			"faces": {
				"north": { "uv": [ 14, 2, 16, 14 ], "texture": "#texture" },
				"south": { "uv": [ 0, 2, 2, 14 ], "texture": "#texture" },
				"west": { "uv": [ 14, 2, 16, 14 ], "texture": "#texture" },
				"east": { "uv": [ 0, 2, 2, 14 ], "texture": "#texture" }
			}
		},
		{
			"from": [ 0, 14, 0 ],
			"to": [ 2, 16, 14 ],
			"faces": {
				"down": { "uv": [ 16, 14, 14, 0 ], "texture": "#texture" },
				"up": { "uv": [ 0, 0, 2, 14 ], "texture": "#texture" },
				"north": { "uv": [ 14, 0, 16, 2 ], "texture": "#texture" },
				"west": { "uv": [ 0, 0, 14, 2 ], "texture": "#texture" },
				"east": { "uv": [ 2, 0, 16, 2 ], "texture": "#texture" }
			}
		},
		{
			"from": [ 0, 14, 14 ],
			"to": [ 14, 16, 16 ],
			"faces": {
				"down": { "uv": [ 16, 16, 2, 14 ], "texture": "#texture" },
				"up": { "uv": [ 0, 14, 14, 16 ], "texture": "#texture" },
				"north": { "uv": [ 2, 0, 16, 2 ], "texture": "#texture" },
				"south": { "uv": [ 0, 0, 14, 2 ], "texture": "#texture" },
				"west": { "uv": [ 14, 0, 16, 2 ], "texture": "#texture" }
			}
		},
		{
			"from": [ 14, 14, 2 ],
			"to": [ 16, 16, 16 ],
			"faces": {
				"down": { "uv": [ 2, 16, 0, 2 ], "texture": "#texture" },
				"up": { "uv": [ 14, 2, 16, 16 ], "texture": "#texture" },
				"south": { "uv": [ 14, 0, 16, 2 ], "texture": "#texture" },
				"west": { "uv": [ 2, 0, 16, 2 ], "texture": "#texture" },
				"east": { "uv": [ 0, 0, 14, 2 ], "texture": "#texture" }
			}
		},
		{
			"from": [ 2, 14, 0 ],
			"to": [ 16, 16, 2 ],
			"faces": {
				"down": { "uv": [ 14, 2, 0, 0 ], "texture": "#texture" },
				"up": { "uv": [ 2, 0, 16, 2 ], "texture": "#texture" },
				"north": { "uv": [ 0, 0, 14, 2 ], "texture": "#texture" },
				"south": { "uv": [ 2, 0, 16, 2 ], "texture": "#texture" },
				"east": { "uv": [ 14, 0, 16, 2 ], "texture": "#texture" }
			}
		},
		{
			"from": [ 0.5, 0.5, 0.5 ],
			"to": [ 15.5, 15.5, 15.5 ],
			"faces": {
				"down": { "uv": [ 15.5, 15.5, 0.5, 0.5 ], "texture": "#texture" },
				"up": { "uv": [ 0.5, 0.5, 15.5, 15.5 ], "texture": "#texture" },
				"north": { "uv": [ 0.5, 0.5, 15.5, 15.5 ], "texture": "#texture" },
				"south": { "uv": [ 0.5, 0.5, 15.5, 15.5 ], "texture": "#texture" },
				"west": { "uv": [ 0.5, 0.5, 15.5, 15.5 ], "texture": "#texture" },
				"east": { "uv": [ 0.5, 0.5, 15.5, 15.5 ], "texture": "#texture" }
			}
		},
		{
			"from": [ 0, 7, 7 ],
			"to": [ 16, 9, 9 ],
			"faces": {
				"down": { "uv": [ 16, 9, 0, 7 ], "texture": "#texture" },
				"up": { "uv": [ 0, 7, 16, 9 ], "texture": "#texture" },
				"north": { "uv": [ 0, 7, 16, 9 ], "texture": "#texture" },
				"south": { "uv": [ 0, 7, 16, 9 ], "texture": "#texture" },
				"west": { "uv": [ 7, 7, 9, 9 ], "texture": "#texture" },
				"east": { "uv": [ 7, 7, 9, 9 ], "texture": "#texture" }
			}
		},
		{
			"from": [ 7, 7, 0 ],
			"to": [ 9, 9, 16 ],
			"faces": {
				"down": { "uv": [ 9, 16, 7, 0 ], "texture": "#texture" },
				"up": { "uv": [ 7, 0, 9, 16 ], "texture": "#texture" },
				"north": { "uv": [ 7, 7, 9, 9 ], "texture": "#texture" },
				"south": { "uv": [ 7, 7, 9, 9 ], "texture": "#texture" },
				"west": { "uv": [ 0, 7, 16, 9 ], "texture": "#texture" },
				"east": { "uv": [ 0, 7, 16, 9 ], "texture": "#texture" }
			}
		},
		{
			"from": [ 7, 0, 7 ],
			"to": [ 9, 16, 9 ],
			"faces": {
				"down": { "uv": [ 9, 9, 7, 7 ], "texture": "#texture" },
				"up": { "uv": [ 7, 7, 9, 9 ], "texture": "#texture" },
				"north": { "uv": [ 7, 0, 9, 16 ], "texture": "#texture" },
				"south": { "uv": [ 7, 0, 9, 16 ], "texture": "#texture" },
				"west": { "uv": [ 7, 0, 9, 16 ], "texture": "#texture" },
				"east": { "uv": [ 7, 0, 9, 16 ], "texture": "#texture" }
			}
		}
	]
}