{
	"__comment": "Designed by Jehkoba with BDcraft Cubik PRO 0.87 Beta - http://bdcraft.net",
	"parent": "block/block",
	"textures": {
		"particle": "block/redstone_torch",
		"texture": "block/redstone_torch"
	},
	"elements": [ 	 
		{
			"__comment": "Element",
			"from": [ 3.5, 3, 7 ],
			"to": [ 5.5, 12, 9 ],
			"rotation": { "origin": [ 3.5, 12, 7 ], "axis": "z", "angle": -22.5 },
			"faces": {
				"up": { "uv": [ 7, 7, 8, 8 ], "texture": "#texture" },
				"north": { "uv": [ 7, 7, 9, 16 ], "texture": "#texture" },
				"south": { "uv": [ 7, 7, 9, 16 ], "texture": "#texture" },
				"west": { "uv": [ 7, 7, 9, 16 ], "texture": "#texture" },
				"east": { "uv": [ 7, 7, 9, 16 ], "texture": "#texture" }
			}
		},
		{
			"__comment": "Element",
			"from": [ 2.8125, 9.6875, 6.5 ],
			"to": [ 5.8125, 11.6875, 9.5 ],
			"rotation": { "origin": [ 2.8125, 11.6875, 6.5 ], "axis": "z", "angle": -22.5 },
			"faces": {
				"down": { "uv": [ 10, 10, 9, 9 ], "texture": "#texture" },
				"up": { "uv": [ 7, 8, 8, 9 ], "texture": "#texture" },
				"north": { "uv": [ 6, 8, 10, 10 ], "texture": "#texture" },
				"south": { "uv": [ 6, 8, 10, 10 ], "texture": "#texture" },
				"west": { "uv": [ 6, 8, 10, 10 ], "texture": "#texture" },
				"east": { "uv": [ 6, 8, 10, 10 ], "texture": "#texture" }
			}
		},
		{
			"__comment": "Element",
			"from": [ 1.125, 6.5625, 6.5 ],
			"to": [ 4.125, 7.5625, 9.5 ],
			"rotation": { "origin": [ 1.125, 7.5625, 6.5 ], "axis": "z", "angle": -22.5 },
			"faces": {
				"down": { "uv": [ 10, 13, 9, 12 ], "texture": "#texture" },
				"up": { "uv": [ 7, 12, 8, 13 ], "texture": "#texture" },
				"north": { "uv": [ 6, 12, 10, 13 ], "texture": "#texture" },
				"south": { "uv": [ 6, 12, 10, 13 ], "texture": "#texture" },
				"west": { "uv": [ 6, 12, 10, 13 ], "texture": "#texture" },
				"east": { "uv": [ 6, 12, 10, 13 ], "texture": "#texture" }
			}
		},
		{
			"__comment": "Element",
			"from": [ 1.625, 9.125, 6 ],
			"to": [ 5.625, 10.125, 10 ],
			"rotation": { "origin": [ 1.625, 10.125, 6 ], "axis": "z", "angle": -22.5 },
			"faces": {
				"down": { "uv": [ 10, 11, 9, 10 ], "texture": "#texture" },
				"up": { "uv": [ 7, 10, 8, 11 ], "texture": "#texture" },
				"north": { "uv": [ 6, 10, 10, 11 ], "texture": "#texture" },
				"south": { "uv": [ 6, 10, 10, 11 ], "texture": "#texture" },
				"west": { "uv": [ 6, 10, 10, 11 ], "texture": "#texture" },
				"east": { "uv": [ 6, 10, 10, 11 ], "texture": "#texture" }
			}
		},
		{
			"__comment": "Element",
			"from": [ 0, 3, 6.5 ],
			"to": [ 3, 4, 9.5 ],
			"faces": {
				"down": { "uv": [ 9, 16, 8, 15 ], "texture": "#texture" },
				"up": { "uv": [ 8, 15, 9, 16 ], "texture": "#texture" },
				"north": { "uv": [ 8, 15, 9, 16 ], "texture": "#texture" },
				"south": { "uv": [ 8, 15, 9, 16 ], "texture": "#texture" },
				"west": { "uv": [ 8, 15, 9, 16 ], "texture": "#texture" },
				"east": { "uv": [ 8, 15, 9, 16 ], "texture": "#texture" }
			}
		},
		{
			"__comment": "Element",
			"from": [ 0, 6.5625, 7.5 ],
			"to": [ 1.125, 7.5625, 8.5 ],
			"faces": {
				"down": { "uv": [ 9, 16, 8, 15 ], "texture": "#texture" },
				"up": { "uv": [ 8, 15, 9, 16 ], "texture": "#texture" },
				"north": { "uv": [ 8, 15, 9, 16 ], "texture": "#texture" },
				"south": { "uv": [ 8, 15, 9, 16 ], "texture": "#texture" },
				"west": { "uv": [ 8, 15, 9, 16 ], "texture": "#texture" },
				"east": { "uv": [ 8, 15, 9, 16 ], "texture": "#texture" }
			}
		}
	]
}