{
	"__comment": "Designed by Jehkoba with BDcraft Cubik PRO 0.87 Beta - http://bdcraft.net",
	"parent": "block/block",
	"textures": {
		"particle": "block/redstone_torch_off",
		"texture": "block/redstone_torch_off"
	},
	"elements": [ 	 
		{
			"__comment": "Element",
			"from": [ 7, 0, 7 ],
			"to": [ 9, 9, 9 ],
			"faces": {
				"down": { "uv": [ 9, 12, 8, 11 ], "texture": "#texture" },
				"up": { "uv": [ 7, 7, 8, 8 ], "texture": "#texture" },
				"north": { "uv": [ 7, 7, 9, 16 ], "texture": "#texture" },
				"south": { "uv": [ 7, 7, 9, 16 ], "texture": "#texture" },
				"west": { "uv": [ 7, 7, 9, 16 ], "texture": "#texture" },
				"east": { "uv": [ 7, 7, 9, 16 ], "texture": "#texture" }
			}
		},
		{
			"__comment": "Element",
			"from": [ 6.4844, 6.4482, 6.5 ],
			"to": [ 9.4844, 8.4482, 9.5 ],
			"faces": {
				"up": { "uv": [ 7, 8, 8, 9 ], "texture": "#texture" },
				"north": { "uv": [ 6, 8, 10, 10 ], "texture": "#texture" },
				"south": { "uv": [ 6, 8, 10, 10 ], "texture": "#texture" },
				"west": { "uv": [ 6, 8, 10, 10 ], "texture": "#texture" },
				"east": { "uv": [ 6, 8, 10, 10 ], "texture": "#texture" }
			}
		},
		{
			"__comment": "Element",
			"from": [ 6.5039, 2.9914, 6.5 ],
			"to": [ 9.503901, 3.9914, 9.5 ],
			"faces": {
				"down": { "uv": [ 10, 13, 9, 12 ], "texture": "#texture" },
				"up": { "uv": [ 7, 12, 8, 13 ], "texture": "#texture" },
				"north": { "uv": [ 6, 12, 10, 13 ], "texture": "#texture" },
				"south": { "uv": [ 6, 12, 10, 13 ], "texture": "#texture" },
				"west": { "uv": [ 6, 12, 10, 13 ], "texture": "#texture" },
				"east": { "uv": [ 6, 12, 10, 13 ], "texture": "#texture" }
			}
		},
		{
			"__comment": "Element",
			"from": [ 5.9853, 5.5502, 6 ],
			"to": [ 9.9853, 6.5502, 10 ],
			"faces": {
				"down": { "uv": [ 10, 11, 9, 10 ], "texture": "#texture" },
				"up": { "uv": [ 7, 10, 8, 11 ], "texture": "#texture" },
				"north": { "uv": [ 6, 10, 10, 11 ], "texture": "#texture" },
				"south": { "uv": [ 6, 10, 10, 11 ], "texture": "#texture" },
				"west": { "uv": [ 6, 10, 10, 11 ], "texture": "#texture" },
				"east": { "uv": [ 6, 10, 10, 11 ], "texture": "#texture" }
			}
		}
	]
}