{
	"__comment": "Designed by Jehkoba with Cubik Studio - https://cubik.studio",
	"parent": "block/cube",
	"textures": {
		"particle": "block/smithing_table_front",
		"down": "block/smithing_table_bottom",
		"up": "block/smithing_table_top",
		"north": "block/smithing_table_front",
		"east": "block/smithing_table_side",
		"south": "block/smithing_table_front",
		"west": "block/smithing_table_side"
	},
	"elements": [ 	 
		{
			"__comment": "Box1",
			"from": [ 0, 0, 0 ],
			"to": [ 14, 2, 2 ],
			"faces": {
				"down": { "uv": [ 0, 14, 14, 16 ], "texture": "#down" },
				"up": { "uv": [ 0, 0, 14, 2 ], "texture": "#north" },
				"north": { "uv": [ 2, 14, 16, 16 ], "texture": "#north" },
				"south": { "uv": [ 0, 14, 14, 16 ], "texture": "#north" },
				"west": { "uv": [ 0, 14, 2, 16 ], "texture": "#north" }
			}
		},
		{
			"__comment": "Box2",
			"from": [ 14, 0, 0 ],
			"to": [ 16, 2, 14 ],
			"faces": {
				"down": { "uv": [ 14, 2, 16, 16 ], "texture": "#down" },
				"up": { "uv": [ 14, 0, 16, 14 ], "texture": "#north" },
				"north": { "uv": [ 0, 14, 2, 16 ], "texture": "#north" },
				"west": { "uv": [ 0, 14, 14, 16 ], "texture": "#north" },
				"east": { "uv": [ 2, 14, 16, 16 ], "texture": "#north" }
			}
		},
		{
			"__comment": "Box3",
			"from": [ 2, 0, 14 ],
			"to": [ 16, 2, 16 ],
			"faces": {
				"down": { "uv": [ 2, 0, 16, 2 ], "texture": "#down" },
				"up": { "uv": [ 2, 14, 16, 16 ], "texture": "#north" },
				"north": { "uv": [ 0, 14, 14, 16 ], "texture": "#north" },
				"south": { "uv": [ 2, 14, 16, 16 ], "texture": "#north" },
				"east": { "uv": [ 0, 14, 2, 16 ], "texture": "#north" }
			}
		},
		{
			"__comment": "Box4",
			"from": [ 0, 0, 2 ],
			"to": [ 2, 2, 16 ],
			"faces": {
				"down": { "uv": [ 0, 0, 2, 14 ], "texture": "#down" },
				"up": { "uv": [ 0, 2, 2, 16 ], "texture": "#north" },
				"south": { "uv": [ 0, 14, 2, 16 ], "texture": "#north" },
				"west": { "uv": [ 2, 14, 16, 16 ], "texture": "#north" },
				"east": { "uv": [ 0, 14, 14, 16 ], "texture": "#north" }
			}
		},
		{
			"__comment": "Box5",
			"from": [ 1, 1, 1 ],
			"to": [ 15, 12, 15 ],
			"faces": {
				"down": { "uv": [ 1, 1, 15, 15 ], "texture": "#down" },
				"north": { "uv": [ 1, 4, 15, 15 ], "texture": "#north" },
				"south": { "uv": [ 1, 4, 15, 15 ], "texture": "#south" },
				"west": { "uv": [ 1, 4, 15, 15 ], "texture": "#west" },
				"east": { "uv": [ 1, 4, 15, 15 ], "texture": "#east" }
			}
		},
		{
			"__comment": "Box6",
			"from": [ 0, 2, 0 ],
			"to": [ 2, 12, 2 ],
			"faces": {
				"north": { "uv": [ 14, 4, 16, 14 ], "texture": "#north" },
				"south": { "uv": [ 0, 4, 2, 14 ], "texture": "#south" },
				"west": { "uv": [ 0, 4, 2, 14 ], "texture": "#west" },
				"east": { "uv": [ 14, 4, 16, 14 ], "texture": "#east" }
			}
		},
		{
			"__comment": "Box6",
			"from": [ 14, 2, 0 ],
			"to": [ 16, 12, 2 ],
			"faces": {
				"north": { "uv": [ 0, 4, 2, 14 ], "texture": "#north" },
				"south": { "uv": [ 14, 4, 16, 14 ], "texture": "#south" },
				"west": { "uv": [ 14, 4, 16, 14 ], "texture": "#west" },
				"east": { "uv": [ 0, 4, 2, 14 ], "texture": "#east" }
			}
		},
		{
			"__comment": "Box6",
			"from": [ 14, 2, 14 ],
			"to": [ 16, 12, 16 ],
			"faces": {
				"north": { "uv": [ 0, 4, 2, 14 ], "texture": "#north" },
				"south": { "uv": [ 14, 4, 16, 14 ], "texture": "#south" },
				"west": { "uv": [ 14, 4, 16, 14 ], "texture": "#west" },
				"east": { "uv": [ 0, 4, 2, 14 ], "texture": "#east" }
			}
		},
		{
			"__comment": "Box6",
			"from": [ 0, 2, 14 ],
			"to": [ 2, 12, 16 ],
			"faces": {
				"north": { "uv": [ 0, 4, 2, 14 ], "texture": "#north" },
				"south": { "uv": [ 14, 4, 16, 14 ], "texture": "#south" },
				"west": { "uv": [ 14, 4, 16, 14 ], "texture": "#west" },
				"east": { "uv": [ 0, 4, 2, 14 ], "texture": "#east" }
			}
		},
		{
			"__comment": "Box10",
			"from": [ 0, 12, 0 ],
			"to": [ 16, 16, 16 ],
			"faces": {
				"down": { "uv": [ 0, 0, 16, 16 ], "texture": "#down" },
				"up": { "uv": [ 0, 0, 16, 16 ], "texture": "#up" },
				"north": { "uv": [ 0, 0, 16, 4 ], "texture": "#north" },
				"south": { "uv": [ 0, 0, 16, 4 ], "texture": "#south" },
				"west": { "uv": [ 0, 0, 16, 4 ], "texture": "#west" },
				"east": { "uv": [ 0, 0, 16, 4 ], "texture": "#east" }
			}
		},
		{
			"__comment": "Box11",
			"from": [ 1, 16, 1 ],
			"to": [ 15, 16.5, 15 ],
			"faces": {
				"up": { "uv": [ 1, 1, 15, 15 ], "texture": "#up" },
				"north": { "uv": [ 1, 15.5, 15, 16 ], "texture": "#up" },
				"south": { "uv": [ 1, 15.5, 15, 16 ], "texture": "#up" },
				"west": { "uv": [ 1, 15.5, 15, 16 ], "texture": "#up" },
				"east": { "uv": [ 1, 15.5, 15, 16 ], "texture": "#up" }
			}
		}
	]
}