{
	"__comment": "Designed by Jehkoba with Cubik Studio - https://cubik.studio",
	"parent": "block/orientable_with_bottom",
	"textures": {
		"bottom": "block/smoker_bottom",
		"top": "block/smoker_top",
		"front": "block/smoker_front",
		"side": "block/smoker_side"
	},
	"elements": [ 	 
		{
			"__comment": "Box1",
			"from": [ 0, 0, 0 ],
			"to": [ 16, 1, 16 ],
			"shade": false,
			"faces": {
				"down": { "uv": [ 0, 16, 16, 0 ], "texture": "#bottom" },
				"up": { "uv": [ 0, 0, 16, 16 ], "texture": "#bottom" },
				"north": { "uv": [ 0, 15, 16, 16 ], "texture": "#front" },
				"south": { "uv": [ 0, 15, 16, 16 ], "texture": "#side" },
				"west": { "uv": [ 0, 15, 16, 16 ], "texture": "#side" },
				"east": { "uv": [ 0, 15, 16, 16 ], "texture": "#side" }
			}
		},
		{
			"__comment": "Box2",
			"from": [ 0.5, 1, 1 ],
			"to": [ 15.5, 6, 15.5 ],
			"shade": false,
			"faces": {
				"down": { "uv": [ 0.5, 0.5, 15.5, 15 ], "texture": "#bottom" },
				"up": { "uv": [ 0.5, 1, 15.5, 15.5 ], "texture": "#bottom" },
				"north": { "uv": [ 0.5, 10, 15.5, 15 ], "texture": "#front" },
				"south": { "uv": [ 0.5, 10, 15.5, 15 ], "texture": "#side" },
				"west": { "uv": [ 1, 10, 15.5, 15 ], "texture": "#side" },
				"east": { "uv": [ 0.5, 10, 15, 15 ], "texture": "#side" }
			}
		},
		{
			"__comment": "Box3",
			"from": [ 0, 1, 0 ],
			"to": [ 2, 12, 2 ],
			"shade": false,
			"faces": {
				"down": { "uv": [ 0, 14, 2, 16 ], "texture": "#bottom" },
				"up": { "uv": [ 0, 0, 2, 2 ], "texture": "#bottom" },
				"north": { "uv": [ 14, 4, 16, 15 ], "texture": "#front" },
				"south": { "uv": [ 0, 4, 2, 15 ], "texture": "#side" },
				"west": { "uv": [ 0, 4, 2, 15 ], "texture": "#side" },
				"east": { "uv": [ 14, 4, 16, 15 ], "texture": "#side" }
			}
		},
		{
			"__comment": "Box3",
			"from": [ 14, 1, 0 ],
			"to": [ 16, 12, 2 ],
			"shade": false,
			"faces": {
				"down": { "uv": [ 0, 14, 2, 16 ], "texture": "#bottom" },
				"up": { "uv": [ 0, 0, 2, 2 ], "texture": "#bottom" },
				"north": { "uv": [ 0, 4, 2, 15 ], "texture": "#front" },
				"south": { "uv": [ 2, 4, 0, 15 ], "texture": "#side" },
				"west": { "uv": [ 2, 4, 0, 15 ], "texture": "#side" },
				"east": { "uv": [ 0, 4, 2, 15 ], "texture": "#side" }
			}
		},
		{
			"__comment": "Box5",
			"from": [ 0, 1, 14 ],
			"to": [ 2, 12, 16 ],
			"shade": false,
			"faces": {
				"down": { "uv": [ 0, 0, 2, 2 ], "texture": "#bottom" },
				"up": { "uv": [ 0, 14, 2, 16 ], "texture": "#bottom" },
				"north": { "uv": [ 14, 4, 16, 15 ], "texture": "#side" },
				"south": { "uv": [ 0, 4, 2, 15 ], "texture": "#side" },
				"west": { "uv": [ 14, 4, 16, 15 ], "texture": "#side" },
				"east": { "uv": [ 0, 4, 2, 15 ], "texture": "#side" }
			}
		},
		{
			"__comment": "Box5",
			"from": [ 14, 1, 14 ],
			"to": [ 16, 12, 16 ],
			"shade": false,
			"faces": {
				"down": { "uv": [ 0, 0, 2, 2 ], "texture": "#bottom" },
				"up": { "uv": [ 0, 14, 2, 16 ], "texture": "#bottom" },
				"north": { "uv": [ 2, 4, 0, 15 ], "texture": "#side" },
				"south": { "uv": [ 14, 4, 16, 15 ], "texture": "#side" },
				"west": { "uv": [ 16, 4, 14, 15 ], "texture": "#side" },
				"east": { "uv": [ 14, 4, 16, 15 ], "texture": "#side" }
			}
		},
		{
			"__comment": "Box7",
			"from": [ 1, 6, 0.5 ],
			"to": [ 15, 8, 15 ],
			"shade": false,
			"faces": {
				"down": { "uv": [ 15, 9, 1, 10 ], "texture": "#front" },
				"up": { "uv": [ 15, 8, 1, 9 ], "texture": "#front" },
				"north": { "uv": [ 1, 8, 15, 10 ], "texture": "#front" },
				"south": { "uv": [ 1, 8, 15, 10 ], "texture": "#side" },
				"west": { "uv": [ 0.5, 8, 15, 10 ], "texture": "#side" },
				"east": { "uv": [ 1, 8, 15.5, 10 ], "texture": "#side" }
			}
		},
		{
			"__comment": "Box8",
			"from": [ 1, 1, -0.5 ],
			"to": [ 3, 6, 1.5 ],
			"shade": false,
			"faces": {
				"down": { "uv": [ 15, 14, 13, 15 ], "texture": "#front" },
				"up": { "uv": [ 15, 10, 13, 11 ], "texture": "#front" },
				"north": { "uv": [ 13, 10, 15, 15 ], "texture": "#front" },
				"south": { "uv": [ 1, 10, 3, 15 ], "texture": "#front" },
				"west": { "uv": [ 14, 10, 15, 15 ], "texture": "#front" },
				"east": { "uv": [ 13, 10, 14, 15 ], "texture": "#front" }
			}
		},
		{
			"__comment": "Box8",
			"from": [ 13, 1, -0.5 ],
			"to": [ 15, 6, 1.5 ],
			"shade": false,
			"faces": {
				"down": { "uv": [ 15, 14, 13, 15 ], "texture": "#front" },
				"up": { "uv": [ 15, 10, 13, 11 ], "texture": "#front" },
				"north": { "uv": [ 13, 10, 15, 15 ], "texture": "#front" },
				"south": { "uv": [ 1, 10, 3, 15 ], "texture": "#front" },
				"west": { "uv": [ 14, 10, 15, 15 ], "texture": "#front" },
				"east": { "uv": [ 13, 10, 14, 15 ], "texture": "#front" }
			}
		},
		{
			"__comment": "Box10",
			"from": [ 4, 1, 0.5 ],
			"to": [ 12, 4, 1 ],
			"shade": false,
			"faces": {
				"down": { "uv": [ 4, 15, 12, 15.5 ], "texture": "#front" },
				"up": { "uv": [ 12, 12, 4, 12.5 ], "texture": "#front" },
				"north": { "uv": [ 4, 12, 12, 15 ], "texture": "#front" },
				"south": { "uv": [ 4, 12, 12, 15 ], "texture": "#front" },
				"west": { "uv": [ 0.5, 12, 1, 15 ], "texture": "#front" },
				"east": { "uv": [ 15, 12, 15.5, 15 ], "texture": "#front" }
			}
		},
		{
			"__comment": "Box10",
			"from": [ 6, 4, 0.5 ],
			"to": [ 10, 5, 1 ],
			"shade": false,
			"faces": {
				"down": { "uv": [ 4, 15, 12, 15.5 ], "texture": "#front" },
				"up": { "uv": [ 10, 11, 6, 12 ], "texture": "#front" },
				"north": { "uv": [ 6, 11, 10, 12 ], "texture": "#front" },
				"south": { "uv": [ 4, 12, 12, 15 ], "texture": "#front" },
				"west": { "uv": [ 9.5, 11, 10, 12 ], "texture": "#front" },
				"east": { "uv": [ 6, 11, 6.5, 12 ], "texture": "#front" }
			}
		},
		{
			"__comment": "Box12",
			"from": [ 1, 8, 1 ],
			"to": [ 15, 9, 15 ],
			"shade": false,
			"faces": {
				"down": { "uv": [ 1, 1, 15, 15 ], "texture": "#bottom" },
				"up": { "uv": [ 1, 1, 15, 15 ], "texture": "#bottom" },
				"north": { "uv": [ 1, 7, 15, 8 ], "texture": "#front" },
				"south": { "uv": [ 1, 7, 15, 8 ], "texture": "#side" },
				"west": { "uv": [ 1, 7, 15, 8 ], "texture": "#side" },
				"east": { "uv": [ 1, 7, 15, 8 ], "texture": "#side" }
			}
		},
		{
			"__comment": "Box13",
			"from": [ 2, 9, 1 ],
			"to": [ 3, 11, 2 ],
			"shade": false,
			"faces": {
				"down": { "uv": [ 2, 14, 3, 15 ], "texture": "#front" },
				"up": { "uv": [ 2, 1, 3, 2 ], "texture": "#front" },
				"north": { "uv": [ 13, 5, 14, 7 ], "texture": "#front" },
				"south": { "uv": [ 13, 5, 14, 7 ], "texture": "#front" },
				"west": { "uv": [ 13, 5, 14, 7 ], "texture": "#front" },
				"east": { "uv": [ 13, 5, 14, 7 ], "texture": "#front" }
			}
		},
		{
			"__comment": "Box13",
			"from": [ 13, 9, 1 ],
			"to": [ 14, 11, 2 ],
			"shade": false,
			"faces": {
				"down": { "uv": [ 2, 14, 3, 15 ], "texture": "#front" },
				"up": { "uv": [ 2, 1, 3, 2 ], "texture": "#front" },
				"north": { "uv": [ 2, 5, 3, 7 ], "texture": "#front" },
				"south": { "uv": [ 2, 5, 3, 7 ], "texture": "#front" },
				"west": { "uv": [ 2, 5, 3, 7 ], "texture": "#front" },
				"east": { "uv": [ 2, 5, 3, 7 ], "texture": "#front" }
			}
		},
		{
			"__comment": "Box15",
			"from": [ 1, 9, 2 ],
			"to": [ 15, 11, 15 ],
			"shade": false,
			"faces": {
				"down": { "uv": [ 1, 1, 15, 14 ], "texture": "#bottom" },
				"up": { "uv": [ 1, 2, 15, 15 ], "texture": "#bottom" },
				"north": { "uv": [ 1, 5, 15, 7 ], "texture": "#front" },
				"south": { "uv": [ 1, 5, 15, 7 ], "texture": "#side" },
				"west": { "uv": [ 2, 5, 15, 7 ], "texture": "#side" },
				"east": { "uv": [ 1, 5, 14, 7 ], "texture": "#side" }
			}
		},
		{
			"__comment": "Box16",
			"from": [ 12, 8, 0.5 ],
			"to": [ 14, 12, 2 ],
			"shade": false,
			"faces": {
				"down": { "uv": [ 2, 7.5, 4, 8 ], "texture": "#front" },
				"up": { "uv": [ 4, 4, 2, 4.5 ], "texture": "#front" },
				"north": { "uv": [ 2, 4, 4, 8 ], "texture": "#front" },
				"south": { "uv": [ 2, 4, 4, 8 ], "texture": "#front" },
				"west": { "uv": [ 3.5, 4, 4, 8 ], "texture": "#front" },
				"east": { "uv": [ 2, 4, 2.5, 8 ], "texture": "#front" }
			}
		},
		{
			"__comment": "Box17",
			"from": [ 1, 11, 1 ],
			"to": [ 15, 12, 15 ],
			"shade": false,
			"faces": {
				"down": { "uv": [ 15, 4, 1, 5 ], "texture": "#front" },
				"up": { "uv": [ 1, 1, 15, 15 ], "texture": "#front" },
				"north": { "uv": [ 1, 4, 15, 5 ], "texture": "#front" },
				"south": { "uv": [ 1, 4, 15, 5 ], "texture": "#side" },
				"west": { "uv": [ 1, 4, 15, 5 ], "texture": "#side" },
				"east": { "uv": [ 1, 4, 15, 5 ], "texture": "#side" }
			}
		},
		{
			"__comment": "Box18",
			"from": [ 0, 12, 0 ],
			"to": [ 16, 16, 16 ],
			"shade": false,
			"faces": {
				"down": { "uv": [ 16, 3, 0, 4 ], "texture": "#front" },
				"up": { "uv": [ 0, 0, 16, 16 ], "texture": "#top" },
				"north": { "uv": [ 0, 0, 16, 4 ], "texture": "#front" },
				"south": { "uv": [ 0, 0, 16, 4 ], "texture": "#side" },
				"west": { "uv": [ 0, 0, 16, 4 ], "texture": "#side" },
				"east": { "uv": [ 0, 0, 16, 4 ], "texture": "#side" }
			}
		},
		{
			"__comment": "Box19",
			"from": [ 1, 16, 1 ],
			"to": [ 15, 16.5, 5 ],
			"shade": false,
			"faces": {
				"down": { "uv": [ 1, 1, 15, 5 ], "texture": "#top" },
				"up": { "uv": [ 1, 1, 15, 5 ], "texture": "#top" },
				"north": { "uv": [ 15, 1, 1, 1.5 ], "texture": "#top" },
				"south": { "uv": [ 1, 15.5, 15, 16 ], "texture": "#top" },
				"west": { "uv": [ 1, 1, 1.5, 5 ], "texture": "#top", "rotation": 270 },
				"east": { "uv": [ 1, 5, 1.5, 1 ], "texture": "#top", "rotation": 270 }
			}
		},
		{
			"__comment": "Box19",
			"from": [ 1, 16, 11 ],
			"to": [ 15, 16.5, 15 ],
			"shade": false,
			"faces": {
				"down": { "uv": [ 1, 12, 15, 15 ], "texture": "#top" },
				"up": { "uv": [ 1, 11, 15, 15 ], "texture": "#top" },
				"north": { "uv": [ 15, 11, 1, 11.5 ], "texture": "#top" },
				"south": { "uv": [ 1, 14.5, 15, 15 ], "texture": "#top" },
				"west": { "uv": [ 1, 11, 1.5, 15 ], "texture": "#top", "rotation": 270 },
				"east": { "uv": [ 14.5, 15, 15, 11 ], "texture": "#top", "rotation": 270 }
			}
		},
		{
			"__comment": "Box21",
			"from": [ 1, 16, 5 ],
			"to": [ 5, 16.5, 11 ],
			"shade": false,
			"faces": {
				"down": { "uv": [ 1, 5, 5, 11 ], "texture": "#top" },
				"up": { "uv": [ 1, 5, 5, 11 ], "texture": "#top" },
				"north": { "uv": [ 11, 15.5, 15, 16 ], "texture": "#top" },
				"south": { "uv": [ 1, 15.5, 5, 16 ], "texture": "#top" },
				"west": { "uv": [ 1, 5, 1.5, 11 ], "texture": "#top", "rotation": 270 },
				"east": { "uv": [ 4.5, 11, 5, 5 ], "texture": "#top", "rotation": 270 }
			}
		},
		{
			"__comment": "Box21",
			"from": [ 11, 16, 5 ],
			"to": [ 15, 16.5, 11 ],
			"shade": false,
			"faces": {
				"down": { "uv": [ 1, 5, 5, 11 ], "texture": "#top" },
				"up": { "uv": [ 11, 5, 15, 11 ], "texture": "#top" },
				"north": { "uv": [ 11, 15.5, 15, 16 ], "texture": "#top" },
				"south": { "uv": [ 1, 15.5, 5, 16 ], "texture": "#top" },
				"west": { "uv": [ 11, 5, 11.5, 11 ], "texture": "#top", "rotation": 270 },
				"east": { "uv": [ 14.5, 11, 15, 5 ], "texture": "#top", "rotation": 270 }
			}
		}
	]
}