{
	"__comment": "Designed by Jehkoba with BDcraft Cubik PRO 0.87 Beta - http://bdcraft.net",
	"parent": "block/block",
	"textures": {
		"particle": "block/soul_torch",
		"texture": "block/soul_torch",
		"extras": "block/soul_torch_extras"
	},
	"elements": [ 	 
		{
			"from": [ 7, 0, 7 ],
			"to": [ 9, 10, 9 ],
			"faces": {
				"down": { "uv": [ 7, 14, 9, 16 ], "texture": "#texture" },
				"up": { "uv": [ 7, 6, 9, 8 ], "texture": "#texture" },
				"north": { "uv": [ 7, 6, 9, 16 ], "texture": "#texture" },
				"south": { "uv": [ 7, 6, 9, 16 ], "texture": "#texture" },
				"west": { "uv": [ 7, 6, 9, 16 ], "texture": "#texture" },
				"east": { "uv": [ 7, 6, 9, 16 ], "texture": "#texture" }
			}
		},
		{
			"__comment": "Box4",
			"from": [ 6.75, 7, 6.75 ],
			"to": [ 9.25, 8, 9.25 ],
			"faces": {
				"down": { "uv": [ 1, 5, 4, 8 ], "texture": "#extras" },
				"up": { "uv": [ 1, 1, 4, 4 ], "texture": "#extras" },
				"north": { "uv": [ 1, 4, 4, 5 ], "texture": "#extras" },
				"south": { "uv": [ 1, 4, 4, 5 ], "texture": "#extras" },
				"west": { "uv": [ 4, 4, 1, 5 ], "texture": "#extras" },
				"east": { "uv": [ 4, 4, 1, 5 ], "texture": "#extras" }
			}
		}
	]
}