{
	"__comment": "Designed by Jehkoba with Cubik Studio - https://cubik.studio",
	"textures": {
		"particle": "block/spruce_door_top",
		"texture": "block/spruce_door_top"
	},
	"elements": [ 	 
		{
			"__comment": "Box10",
			"from": [ 0, 0, 14 ],
			"to": [ 2, 16, 16 ],
			"faces": {
				"down": { "uv": [ 0, 0, 2, 2 ], "texture": "#texture" },
				"up": { "uv": [ 0, 14, 2, 16 ], "texture": "#texture" },
				"north": { "uv": [ 14, 0, 16, 16 ], "texture": "#texture" },
				"south": { "uv": [ 0, 0, 2, 16 ], "texture": "#texture" },
				"west": { "uv": [ 2, 0, 0, 16 ], "texture": "#texture" },
				"east": { "uv": [ 0, 0, 2, 16 ], "texture": "#texture" }
			}
		},
		{
			"__comment": "Box11",
			"from": [ 0, 0, 0 ],
			"to": [ 2, 16, 2 ],
			"faces": {
				"down": { "uv": [ 0, 14, 2, 16 ], "texture": "#texture" },
				"up": { "uv": [ 0, 0, 2, 2 ], "texture": "#texture" },
				"north": { "uv": [ 14, 0, 16, 16 ], "texture": "#texture" },
				"south": { "uv": [ 0, 0, 2, 16 ], "texture": "#texture" },
				"west": { "uv": [ 16, 0, 14, 16 ], "texture": "#texture" },
				"east": { "uv": [ 14, 0, 16, 16 ], "texture": "#texture" }
			}
		},
		{
			"__comment": "Box12",
			"from": [ 0, 1, 2 ],
			"to": [ 2, 4, 14 ],
			"faces": {
				"down": { "uv": [ 0, 2, 2, 14 ], "texture": "#texture" },
				"up": { "uv": [ 0, 2, 2, 14 ], "texture": "#texture" },
				"west": { "uv": [ 14, 12, 2, 15 ], "texture": "#texture" },
				"east": { "uv": [ 2, 12, 14, 15 ], "texture": "#texture" }
			}
		},
		{
			"__comment": "Box13",
			"from": [ 0, 5, 2 ],
			"to": [ 2, 8, 4 ],
			"faces": {
				"down": { "uv": [ 0, 12, 2, 14 ], "texture": "#texture" },
				"up": { "uv": [ 0, 2, 2, 4 ], "texture": "#texture" },
				"west": { "uv": [ 4, 8, 2, 11 ], "texture": "#texture" },
				"east": { "uv": [ 12, 8, 14, 11 ], "texture": "#texture" }
			}
		},
		{
			"__comment": "Box14",
			"from": [ 0, 9, 2 ],
			"to": [ 2, 12, 4 ],
			"faces": {
				"down": { "uv": [ 0, 12, 2, 14 ], "texture": "#texture" },
				"up": { "uv": [ 0, 2, 2, 4 ], "texture": "#texture" },
				"west": { "uv": [ 4, 4, 2, 7 ], "texture": "#texture" },
				"east": { "uv": [ 12, 4, 14, 7 ], "texture": "#texture" }
			}
		},
		{
			"__comment": "Box15",
			"from": [ 0, 13, 2 ],
			"to": [ 2, 16, 14 ],
			"faces": {
				"down": { "uv": [ 0, 2, 2, 14 ], "texture": "#texture" },
				"up": { "uv": [ 0, 2, 2, 14 ], "texture": "#texture" },
				"west": { "uv": [ 14, 0, 2, 3 ], "texture": "#texture" },
				"east": { "uv": [ 2, 0, 14, 3 ], "texture": "#texture" }
			}
		},
		{
			"__comment": "Box16",
			"from": [ 0, 5, 12 ],
			"to": [ 2, 8, 14 ],
			"faces": {
				"down": { "uv": [ 0, 2, 2, 4 ], "texture": "#texture" },
				"up": { "uv": [ 0, 12, 2, 14 ], "texture": "#texture" },
				"west": { "uv": [ 14, 8, 12, 11 ], "texture": "#texture" },
				"east": { "uv": [ 2, 8, 4, 11 ], "texture": "#texture" }
			}
		},
		{
			"__comment": "Box17",
			"from": [ 0, 9, 12 ],
			"to": [ 2, 12, 14 ],
			"faces": {
				"down": { "uv": [ 0, 2, 2, 4 ], "texture": "#texture" },
				"up": { "uv": [ 0, 12, 2, 14 ], "texture": "#texture" },
				"west": { "uv": [ 14, 4, 12, 7 ], "texture": "#texture" },
				"east": { "uv": [ 2, 4, 4, 7 ], "texture": "#texture" }
			}
		},
		{
			"__comment": "Box18",
			"from": [ 0.5, 4, 2 ],
			"to": [ 1.5, 13, 4 ],
			"faces": {
				"west": { "uv": [ 4, 3, 2, 12 ], "texture": "#texture" },
				"east": { "uv": [ 12, 3, 14, 12 ], "texture": "#texture" }
			}
		},
		{
			"__comment": "Box19",
			"from": [ 0.5, 4, 12 ],
			"to": [ 1.5, 13, 14 ],
			"faces": {
				"west": { "uv": [ 14, 3, 12, 12 ], "texture": "#texture" },
				"east": { "uv": [ 2, 3, 4, 12 ], "texture": "#texture" }
			}
		},
		{
			"__comment": "Box20",
			"from": [ 0, 4, 4 ],
			"to": [ 2, 13, 6 ],
			"faces": {
				"north": { "uv": [ 14, 3, 16, 12 ], "texture": "#texture" },
				"south": { "uv": [ 0, 3, 2, 12 ], "texture": "#texture" },
				"west": { "uv": [ 12, 3, 10, 12 ], "texture": "#texture" },
				"east": { "uv": [ 10, 3, 12, 12 ], "texture": "#texture" }
			}
		},
		{
			"__comment": "Box21",
			"from": [ 0, 4, 10 ],
			"to": [ 2, 13, 12 ],
			"faces": {
				"north": { "uv": [ 14, 3, 16, 12 ], "texture": "#texture" },
				"south": { "uv": [ 0, 3, 2, 12 ], "texture": "#texture" },
				"west": { "uv": [ 6, 3, 4, 12 ], "texture": "#texture" },
				"east": { "uv": [ 4, 3, 6, 12 ], "texture": "#texture" }
			}
		},
		{
			"__comment": "Box22",
			"from": [ 0, 4, 6 ],
			"to": [ 2, 5, 10 ],
			"faces": {
				"up": { "uv": [ 0, 6, 2, 10 ], "texture": "#texture" },
				"west": { "uv": [ 6, 11, 10, 12 ], "texture": "#texture" },
				"east": { "uv": [ 6, 11, 10, 12 ], "texture": "#texture" }
			}
		},
		{
			"__comment": "Box23",
			"from": [ 0, 12, 6 ],
			"to": [ 2, 13, 10 ],
			"faces": {
				"down": { "uv": [ 0, 6, 2, 10 ], "texture": "#texture" },
				"west": { "uv": [ 6, 3, 10, 4 ], "texture": "#texture" },
				"east": { "uv": [ 6, 3, 10, 4 ], "texture": "#texture" }
			}
		},
		{
			"__comment": "Box15",
			"from": [ 0.5, 0, 2 ],
			"to": [ 1.5, 1, 14 ],
			"faces": {
				"down": { "uv": [ 0.5, 2, 1.5, 14 ], "texture": "#texture" },
				"west": { "uv": [ 14, 15, 2, 16 ], "texture": "#texture" },
				"east": { "uv": [ 2, 15, 14, 16 ], "texture": "#texture" }
			}
		}
	]
}