{
	"__comment": "Designed by Jehkoba with Cubik Studio - https://cubik.studio",
	"parent": "block/block",
	"textures": {
		"particle": "block/spruce_trapdoor",
		"texture": "block/spruce_trapdoor"
	},
	"elements": [ 	 
		{
			"__comment": "Box1",
			"from": [ 0, 0, 0 ],
			"to": [ 16, 2, 16 ],
			"faces": {
				"down": { "uv": [ 0, 0, 16, 16 ], "texture": "#texture" },
				"up": { "uv": [ 0, 0, 16, 16 ], "texture": "#texture" },
				"north": { "uv": [ 16, 14, 0, 16 ], "texture": "#texture" },
				"south": { "uv": [ 0, 14, 16, 16 ], "texture": "#texture" },
				"west": { "uv": [ 14, 0, 16, 16 ], "texture": "#texture", "rotation": 90 },
				"east": { "uv": [ 14, 0, 16, 16 ], "texture": "#texture", "rotation": 90 }
			}
		}
	]
}