{
	"__comment": "Designed by Jehkoba with BDcraft Cubik PRO 0.87 Beta - http://bdcraft.net",
	"parent": "block/block",
	"textures": {
		"particle": "block/sugar_cane",
		"texture": "block/sugar_cane"
	},
	"elements": [ 	 
		{
			"from": [ 7, 0, 7 ],
			"to": [ 9, 16, 9 ],
			"faces": {
				"down": { "uv": [ 9, 5, 7, 3 ], "texture": "#texture" },
				"up": { "uv": [ 7, 3, 9, 5 ], "texture": "#texture" },
				"north": { "uv": [ 7, 0, 9, 16 ], "texture": "#texture" },
				"south": { "uv": [ 7, 0, 9, 16 ], "texture": "#texture" },
				"west": { "uv": [ 7, 0, 9, 16 ], "texture": "#texture" },
				"east": { "uv": [ 7, 0, 9, 16 ], "texture": "#texture" }
			}
		},
		{
			"from": [ 3, -2.5, 2 ],
			"to": [ 5, 13.5, 4 ],
			"faces": {
				"down": { "uv": [ 4, 9, 2, 7 ], "texture": "#texture" },
				"up": { "uv": [ 2, 7, 4, 9 ], "texture": "#texture" },
				"north": { "uv": [ 2, 0, 4, 16 ], "texture": "#texture" },
				"south": { "uv": [ 2, 0, 4, 16 ], "texture": "#texture" },
				"west": { "uv": [ 2, 0, 4, 16 ], "texture": "#texture" },
				"east": { "uv": [ 2, 0, 4, 16 ], "texture": "#texture" }
			}
		},
		{
			"from": [ 12, -1.5, 4 ],
			"to": [ 14, 14.5, 6 ],
			"faces": {
				"down": { "uv": [ 14, 16, 12, 14 ], "texture": "#texture" },
				"up": { "uv": [ 12, 14, 14, 16 ], "texture": "#texture" },
				"north": { "uv": [ 12, 0, 14, 16 ], "texture": "#texture" },
				"south": { "uv": [ 12, 0, 14, 16 ], "texture": "#texture" },
				"west": { "uv": [ 12, 0, 14, 16 ], "texture": "#texture" },
				"east": { "uv": [ 12, 0, 14, 16 ], "texture": "#texture" }
			}
		},
		{
			"from": [ 2, -1.5, 12.5 ],
			"to": [ 4, 14.5, 14.5 ],
			"faces": {
				"down": { "uv": [ 14, 16, 12, 14 ], "texture": "#texture" },
				"up": { "uv": [ 12, 14, 14, 16 ], "texture": "#texture" },
				"north": { "uv": [ 12, 0, 14, 16 ], "texture": "#texture" },
				"south": { "uv": [ 12, 0, 14, 16 ], "texture": "#texture" },
				"west": { "uv": [ 12, 0, 14, 16 ], "texture": "#texture" },
				"east": { "uv": [ 12, 0, 14, 16 ], "texture": "#texture" }
			}
		},
		{
			"from": [ 13, -0.5, 11 ],
			"to": [ 15, 15.5, 13 ],
			"faces": {
				"down": { "uv": [ 4, 9, 2, 7 ], "texture": "#texture" },
				"up": { "uv": [ 2, 7, 4, 9 ], "texture": "#texture" },
				"north": { "uv": [ 2, 0, 4, 16 ], "texture": "#texture" },
				"south": { "uv": [ 2, 0, 4, 16 ], "texture": "#texture" },
				"west": { "uv": [ 2, 0, 4, 16 ], "texture": "#texture" },
				"east": { "uv": [ 2, 0, 4, 16 ], "texture": "#texture" }
			}
		},
		{
			"__comment": "PlaneX26",
			"from": [ 3, 10.5, 4 ],
			"to": [ 3.001, 13.5, 6 ],
			"rotation": { "origin": [ 3, 10.5, 4 ], "axis": "y", "angle": -45 },
			"faces": {
				"west": { "uv": [ 4, 10, 6, 13 ], "texture": "#texture" },
				"east": { "uv": [ 6, 10, 4, 13 ], "texture": "#texture" }
			}
		},
		{
			"__comment": "PlaneX26",
			"from": [ 14, 3.5, 6 ],
			"to": [ 14.001, 6.5, 8 ],
			"rotation": { "origin": [ 14, 3.5, 6 ], "axis": "y", "angle": 45 },
			"faces": {
				"west": { "uv": [ 4, 10, 6, 13 ], "texture": "#texture" },
				"east": { "uv": [ 6, 10, 4, 13 ], "texture": "#texture" }
			}
		},
		{
			"__comment": "PlaneX26",
			"from": [ 7, 1, 9 ],
			"to": [ 7.001, 4, 11 ],
			"rotation": { "origin": [ 7, 1, 9 ], "axis": "y", "angle": -45 },
			"faces": {
				"west": { "uv": [ 4, 10, 6, 13 ], "texture": "#texture" },
				"east": { "uv": [ 6, 10, 4, 13 ], "texture": "#texture" }
			}
		},
		{
			"__comment": "PlaneX26",
			"from": [ 6.999, 8, 5 ],
			"to": [ 7, 11, 7 ],
			"rotation": { "origin": [ 7, 8, 7 ], "axis": "y", "angle": 45 },
			"faces": {
				"west": { "uv": [ 6, 10, 4, 13 ], "texture": "#texture" },
				"east": { "uv": [ 4, 10, 6, 13 ], "texture": "#texture" }
			}
		},
		{
			"__comment": "PlaneX26",
			"from": [ 11, 2.5, 13 ],
			"to": [ 13, 5.5, 13.001 ],
			"rotation": { "origin": [ 13, 2.5, 13 ], "axis": "y", "angle": 45 },
			"faces": {
				"west": { "uv": [ 4, 10, 6, 13 ], "texture": "#texture" }
			}
		},
		{
			"__comment": "PlaneX26",
			"from": [ 4.999, 0.5, 0 ],
			"to": [ 5, 3.5, 2 ],
			"rotation": { "origin": [ 5, 0.5, 2 ], "axis": "y", "angle": -45 },
			"faces": {
				"west": { "uv": [ 6, 10, 4, 13 ], "texture": "#texture" },
				"east": { "uv": [ 4, 10, 6, 13 ], "texture": "#texture" }
			}
		},
		{
			"__comment": "PlaneX26",
			"from": [ 11.999, 9.5, 2 ],
			"to": [ 12, 12.5, 4 ],
			"rotation": { "origin": [ 12, 9.5, 4 ], "axis": "y", "angle": 45 },
			"faces": {
				"west": { "uv": [ 6, 10, 4, 13 ], "texture": "#texture" },
				"east": { "uv": [ 4, 10, 6, 13 ], "texture": "#texture" }
			}
		},
		{
			"__comment": "PlaneX26",
			"from": [ 15, 12.5, 10.999 ],
			"to": [ 17, 15, 11 ],
			"rotation": { "origin": [ 15, 12.5, 11 ], "axis": "y", "angle": 45 },
			"faces": {
				"north": { "uv": [ 6, 10, 4, 13 ], "texture": "#texture" },
				"south": { "uv": [ 4, 10, 6, 13 ], "texture": "#texture" }
			}
		},
		{
			"__comment": "PlaneX26",
			"from": [ 4, 9.5, 14.5 ],
			"to": [ 4.001, 12.5, 16.5 ],
			"rotation": { "origin": [ 4, 9.5, 14.5 ], "axis": "y", "angle": 45 },
			"faces": {
				"west": { "uv": [ 4, 10, 6, 13 ], "texture": "#texture" },
				"east": { "uv": [ 6, 10, 4, 13 ], "texture": "#texture" }
			}
		},
		{
			"__comment": "PlaneX26",
			"from": [ 1.999, 3.5, 10.5 ],
			"to": [ 2, 6.5, 12.5 ],
			"rotation": { "origin": [ 2, 3.5, 12.5 ], "axis": "y", "angle": 45 },
			"faces": {
				"west": { "uv": [ 6, 10, 4, 13 ], "texture": "#texture" },
				"east": { "uv": [ 4, 10, 6, 13 ], "texture": "#texture" }
			}
		},
		{
			"__comment": "PlaneX26",
			"from": [ 13, 2.5, 13 ],
			"to": [ 13.001, 5.5, 15 ],
			"rotation": { "origin": [ 13, 2.5, 13 ], "axis": "y", "angle": -45 },
			"faces": {
				"west": { "uv": [ 4, 10, 6, 13 ], "texture": "#texture" },
				"east": { "uv": [ 6, 10, 4, 13 ], "texture": "#texture" }
			}
		}
	]
}