{
	"__comment": "Designed by Jehkoba with BDcraft Cubik PRO 0.93 Beta - http://bdcraft.net",
	"parent": "block/block",
	"textures": {
		"particle": "block/tnt_side",
		"Top": "block/tnt_top",
		"Side": "block/tnt_side",
		"Bottom": "block/tnt_bottom"
	},
	"elements": [ 	 
		{
			"__comment": "Element",
			"from": [ 0, 0, 0 ],
			"to": [ 16, 16, 16 ],
			"faces": {
				"down": { "uv": [ 16, 16, 0, 0 ], "texture": "#Bottom" },
				"up": { "uv": [ 0, 0, 16, 16 ], "texture": "#Top" },
				"north": { "uv": [ 0, 0, 16, 16 ], "texture": "#Side" },
				"south": { "uv": [ 0, 0, 16, 16 ], "texture": "#Side" },
				"west": { "uv": [ 0, 0, 16, 16 ], "texture": "#Side" },
				"east": { "uv": [ 0, 0, 16, 16 ], "texture": "#Side" }
			}
		},
		{
			"__comment": "Element",
			"from": [ -0.5, 6, -0.5 ],
			"to": [ 2, 8, 2 ],
			"faces": {
				"down": { "uv": [ 13, 11, 11, 9 ], "texture": "#Side" },
				"up": { "uv": [ 2, 5, 4, 7 ], "texture": "#Side" },
				"north": { "uv": [ 14, 5, 16, 7 ], "texture": "#Side" },
				"west": { "uv": [ 0, 5, 2, 7 ], "texture": "#Side" }
			}
		},
		{
			"__comment": "Element",
			"from": [ 2, 5, -0.5 ],
			"to": [ 14, 11, 16.5 ],
			"faces": {
				"down": { "uv": [ 13, 11, 12, 10 ], "texture": "#Side" },
				"up": { "uv": [ 3, 6, 4, 7 ], "texture": "#Side" },
				"north": { "uv": [ 2, 5, 14, 11 ], "texture": "#Side" },
				"south": { "uv": [ 2, 5, 14, 11 ], "texture": "#Side" },
				"west": { "uv": [ 2, 5, 14, 11 ], "texture": "#Side" },
				"east": { "uv": [ 2, 5, 14, 11 ], "texture": "#Side" }
			}
		},
		{
			"__comment": "Element",
			"from": [ -0.5, 6, 14 ],
			"to": [ 2, 8, 16.5 ],
			"faces": {
				"down": { "uv": [ 13, 11, 11, 9 ], "texture": "#Side" },
				"up": { "uv": [ 2, 5, 4, 7 ], "texture": "#Side" },
				"south": { "uv": [ 0, 5, 2, 7 ], "texture": "#Side" },
				"west": { "uv": [ 14, 5, 16, 7 ], "texture": "#Side" }
			}
		},
		{
			"__comment": "Element",
			"from": [ -0.5, 5, 2 ],
			"to": [ 16.5, 11, 14 ],
			"faces": {
				"down": { "uv": [ 13, 11, 12, 10 ], "texture": "#Side" },
				"up": { "uv": [ 3, 6, 4, 7 ], "texture": "#Side" },
				"north": { "uv": [ 2, 5, 14, 11 ], "texture": "#Side" },
				"south": { "uv": [ 2, 5, 14, 11 ], "texture": "#Side" },
				"west": { "uv": [ 2, 5, 14, 11 ], "texture": "#Side" },
				"east": { "uv": [ 2, 5, 14, 11 ], "texture": "#Side" }
			}
		},
		{
			"__comment": "Element",
			"from": [ 14, 6, 14 ],
			"to": [ 16.5, 8, 16.5 ],
			"faces": {
				"down": { "uv": [ 13, 11, 11, 9 ], "texture": "#Side" },
				"up": { "uv": [ 2, 5, 4, 7 ], "texture": "#Side" },
				"south": { "uv": [ 14, 5, 16, 7 ], "texture": "#Side" },
				"east": { "uv": [ 0, 5, 2, 7 ], "texture": "#Side" }
			}
		},
		{
			"__comment": "Element",
			"from": [ 14, 6, -0.5 ],
			"to": [ 16.5, 8, 2 ],
			"faces": {
				"down": { "uv": [ 13, 11, 11, 9 ], "texture": "#Side" },
				"up": { "uv": [ 2, 5, 4, 7 ], "texture": "#Side" },
				"north": { "uv": [ 0, 5, 2, 7 ], "texture": "#Side" },
				"east": { "uv": [ 14, 5, 16, 7 ], "texture": "#Side" }
			}
		},
		{
			"__comment": "Element",
			"from": [ 14, 9, 14 ],
			"to": [ 16.5, 11, 16.5 ],
			"faces": {
				"down": { "uv": [ 13, 11, 11, 9 ], "texture": "#Side" },
				"up": { "uv": [ 2, 5, 4, 7 ], "texture": "#Side" },
				"south": { "uv": [ 14, 5, 16, 7 ], "texture": "#Side" },
				"east": { "uv": [ 0, 5, 2, 7 ], "texture": "#Side" }
			}
		},
		{
			"__comment": "Element",
			"from": [ -0.5, 9, -0.5 ],
			"to": [ 2, 11, 2 ],
			"faces": {
				"down": { "uv": [ 13, 11, 11, 9 ], "texture": "#Side" },
				"up": { "uv": [ 2, 5, 4, 7 ], "texture": "#Side" },
				"north": { "uv": [ 14, 5, 16, 7 ], "texture": "#Side" },
				"west": { "uv": [ 0, 5, 2, 7 ], "texture": "#Side" }
			}
		},
		{
			"__comment": "Element",
			"from": [ 14, 9, -0.5 ],
			"to": [ 16.5, 11, 2 ],
			"faces": {
				"down": { "uv": [ 13, 11, 11, 9 ], "texture": "#Side" },
				"up": { "uv": [ 2, 5, 4, 7 ], "texture": "#Side" },
				"north": { "uv": [ 0, 5, 2, 7 ], "texture": "#Side" },
				"east": { "uv": [ 14, 5, 16, 7 ], "texture": "#Side" }
			}
		},
		{
			"__comment": "Element",
			"from": [ 8, 15.5, 8 ],
			"to": [ 10, 16.5, 10 ],
			"faces": {
				"up": { "uv": [ 8, 8, 10, 10 ], "texture": "#Top" },
				"north": { "uv": [ 8, 8, 10, 8.5 ], "texture": "#Top" },
				"south": { "uv": [ 8, 8, 10, 8.5 ], "texture": "#Top" },
				"west": { "uv": [ 8, 8, 10, 8.5 ], "texture": "#Top" },
				"east": { "uv": [ 8, 8, 10, 8.5 ], "texture": "#Top" }
			}
		}
	]
}