{
	"__comment": "Designed by Jehkoba with BDcraft Cubik PRO 0.87 Beta - http://bdcraft.net",
	"parent": "block/block",
	"textures": {
		"particle": "block/torch",
		"texture": "block/torch",
		"extras": "block/torch_extras"
	},
	"elements": [ 	 
		{
			"from": [ 3.0561, 3.0652, 7 ],
			"to": [ 5.0561, 13.0652, 9 ],
			"rotation": { "origin": [ 3, 13, 7 ], "axis": "z", "angle": -22.5 },
			"faces": {
				"down": { "uv": [ 9, 16, 7, 14 ], "texture": "#texture", "rotation": 270 },
				"up": { "uv": [ 7, 6, 9, 8 ], "texture": "#texture", "rotation": 90 },
				"north": { "uv": [ 7, 6, 9, 16 ], "texture": "#texture" },
				"south": { "uv": [ 7, 6, 9, 16 ], "texture": "#texture" },
				"west": { "uv": [ 7, 6, 9, 16 ], "texture": "#texture" },
				"east": { "uv": [ 7, 6, 9, 16 ], "texture": "#texture" }
			}
		},
		{
			"from": [ 2.1036, 10.3607, 6.75 ],
			"to": [ 4.6036, 11.3607, 9.25 ],
			"rotation": { "origin": [ 1.9, 11.375, 6.75 ], "axis": "z", "angle": -22.5 },
			"faces": {
				"down": { "uv": [ 4, 8, 1, 5 ], "texture": "#extras", "rotation": 270 },
				"up": { "uv": [ 1, 1, 4, 4 ], "texture": "#extras", "rotation": 90 },
				"north": { "uv": [ 1, 4, 4, 5 ], "texture": "#extras" },
				"south": { "uv": [ 1, 4, 4, 5 ], "texture": "#extras" },
				"west": { "uv": [ 1, 4, 4, 5 ], "texture": "#extras" },
				"east": { "uv": [ 1, 4, 4, 5 ], "texture": "#extras" }
			}
		},
		{
			"from": [ -0.5, 7.5, 7.5 ],
			"to": [ 1.5, 8.5, 8.5 ],
			"faces": {
				"down": { "uv": [ 8, 8, 7, 6 ], "texture": "#extras", "rotation": 270 },
				"up": { "uv": [ 7, 4, 8, 2 ], "texture": "#extras", "rotation": 90 },
				"north": { "uv": [ 8, 4, 6, 5 ], "texture": "#extras" },
				"south": { "uv": [ 6, 4, 8, 5 ], "texture": "#extras" },
				"west": { "uv": [ 6, 4, 7, 5 ], "texture": "#extras" },
				"east": { "uv": [ 6, 4, 7, 5 ], "texture": "#extras" }
			}
		}
	]
}