{
	"__comment": "Designed by Jehkoba with Cubik Studio - https://cubik.studio",
	"parent": "block/block",
	"textures": {
		"particle": "block/warped_trapdoor",
		"texture": "block/warped_trapdoor"
	},
	"elements": [ 	 
		{
			"__comment": "Box1",
			"from": [ 0, 13, 14 ],
			"to": [ 16, 16, 16 ],
			"faces": {
				"down": { "uv": [ 0, 0, 16, 2 ], "texture": "#texture" },
				"up": { "uv": [ 16, 2, 0, 0 ], "texture": "#texture" },
				"north": { "uv": [ 16, 0, 0, 3 ], "texture": "#texture" },
				"south": { "uv": [ 0, 0, 16, 3 ], "texture": "#texture" },
				"west": { "uv": [ 0, 0, 3, 2 ], "texture": "#texture", "rotation": 90 },
				"east": { "uv": [ 13, 0, 16, 2 ], "texture": "#texture", "rotation": 270 }
			}
		},
		{
			"__comment": "Box2",
			"from": [ 13, 3, 14 ],
			"to": [ 16, 13, 16 ],
			"faces": {
				"north": { "uv": [ 16, 3, 13, 13 ], "texture": "#texture" },
				"south": { "uv": [ 13, 3, 16, 13 ], "texture": "#texture" },
				"west": { "uv": [ 3, 14, 13, 16 ], "texture": "#texture", "rotation": 90 },
				"east": { "uv": [ 3, 14, 13, 16 ], "texture": "#texture", "rotation": 270 }
			}
		},
		{
			"__comment": "Box3",
			"from": [ 0, 3, 14 ],
			"to": [ 3, 13, 16 ],
			"faces": {
				"north": { "uv": [ 3, 3, 0, 13 ], "texture": "#texture" },
				"south": { "uv": [ 0, 3, 3, 13 ], "texture": "#texture" },
				"west": { "uv": [ 3, 14, 13, 16 ], "texture": "#texture", "rotation": 90 },
				"east": { "uv": [ 3, 14, 13, 16 ], "texture": "#texture", "rotation": 270 }
			}
		},
		{
			"__comment": "Box4",
			"from": [ 0, 0, 14 ],
			"to": [ 16, 3, 16 ],
			"faces": {
				"down": { "uv": [ 0, 14, 16, 16 ], "texture": "#texture" },
				"up": { "uv": [ 16, 16, 0, 14 ], "texture": "#texture" },
				"north": { "uv": [ 16, 13, 0, 16 ], "texture": "#texture" },
				"south": { "uv": [ 0, 13, 16, 16 ], "texture": "#texture" },
				"west": { "uv": [ 13, 14, 16, 16 ], "texture": "#texture", "rotation": 90 },
				"east": { "uv": [ 0, 14, 3, 16 ], "texture": "#texture", "rotation": 270 }
			}
		},
		{
			"__comment": "PlaneY5",
			"from": [ 3, 3, 15 ],
			"to": [ 13, 13, 15.001 ],
			"faces": {
				"north": { "uv": [ 13, 3, 3, 13 ], "texture": "#texture" },
				"south": { "uv": [ 3, 3, 13, 13 ], "texture": "#texture" }
			}
		}
	]
}